頁面編號,國際證券編碼,有價證券代號,有價證券名稱,市場別,有價證券別,產業別,公開發行/上市(櫃)/發行日,CFICode,備註
1,TW0001101004,1101,台泥,上市,股票,水泥工業,1962/2/9,ESVUFR,
2,TW0001102002,1102,亞泥,上市,股票,水泥工業,1962/6/8,ESVUFR,
3,TW0001103000,1103,嘉泥,上市,股票,水泥工業,1969/11/14,ESVUFR,
4,TW0001104008,1104,環泥,上市,股票,水泥工業,1971/2/1,ESVUFR,
5,TW0001108009,1108,幸福,上市,股票,水泥工業,1990/6/6,ESVUFR,
6,TW0001109007,1109,信大,上市,股票,水泥工業,1991/12/5,ESVUFR,
7,TW0001110005,1110,東泥,上市,股票,水泥工業,1994/10/22,ESVUFR,
8,TW0001201002,1201,味全,上市,股票,食品工業,1962/2/9,ESVUFR,
9,TW0001203008,1203,味王,上市,股票,食品工業,1964/8/24,ESVUFR,
10,TW0001210003,1210,大成,上市,股票,食品工業,1978/5/20,ESVUFR,
11,TW0001213007,1213,大飲,上市,股票,食品工業,1981/4/10,ESVUFR,
12,TW0001215002,1215,卜蜂,上市,股票,食品工業,1987/7/27,ESVUFR,
13,TW0001216000,1216,統一,上市,股票,食品工業,1987/12/28,ESVUFR,
14,TW0001217008,1217,愛之味,上市,股票,食品工業,1989/10/28,ESVUFR,
15,TW0001218006,1218,泰山,上市,股票,食品工業,1989/11/11,ESVUFR,
16,TW0001219004,1219,福壽,上市,股票,食品工業,1990/12/1,ESVUFR,
17,TW0001220002,1220,台榮,上市,股票,食品工業,1991/11/20,ESVUFR,
18,TW0001225001,1225,福懋油,上市,股票,食品工業,1993/9/27,ESVUFR,
19,TW0001227007,1227,佳格,上市,股票,食品工業,1994/4/9,ESVUFR,
20,TW0001229003,1229,聯華,上市,股票,食品工業,1976/7/19,ESVUFR,
21,TW0001231009,1231,聯華食,上市,股票,食品工業,1995/11/2,ESVUFR,
22,TW0001232007,1232,大統益,上市,股票,食品工業,1996/2/9,ESVUFR,
23,TW0001233005,1233,天仁,上市,股票,食品工業,1999/1/20,ESVUFR,
24,TW0001234003,1234,黑松,上市,股票,食品工業,1999/3/12,ESVUFR,
25,TW0001235000,1235,興泰,上市,股票,食品工業,2000/9/11,ESVUFR,
26,TW0001236008,1236,宏亞,上市,股票,食品工業,2001/9/17,ESVUFR,
27,KYG858681003,1256,鮮活果汁-KY,上市,股票,食品工業,2016/3/17,ESVUFR,
28,TW0001301000,1301,台塑,上市,股票,塑膠工業,1964/7/27,ESVUFR,
29,TW0001303006,1303,南亞,上市,股票,塑膠工業,1967/11/5,ESVUFR,
30,TW0001304004,1304,台聚,上市,股票,塑膠工業,1972/5/20,ESVUFR,
31,TW0001305001,1305,華夏,上市,股票,塑膠工業,1973/3/5,ESVUFR,
32,TW0001307007,1307,三芳,上市,股票,塑膠工業,1985/11/23,ESVUFR,
33,TW0001308005,1308,亞聚,上市,股票,塑膠工業,1986/6/20,ESVUFR,
34,TW0001309003,1309,台達化,上市,股票,塑膠工業,1986/6/27,ESVUFR,
35,TW0001310001,1310,台苯,上市,股票,塑膠工業,1987/8/6,ESVUFR,
36,TW0001312007,1312,國喬,上市,股票,塑膠工業,1988/12/21,ESVUFR,
37,TW0001313005,1313,聯成,上市,股票,塑膠工業,1989/3/27,ESVUFR,
38,TW0001314003,1314,中石化,上市,股票,塑膠工業,1991/7/12,ESVUFR,
39,TW0001315000,1315,達新,上市,股票,塑膠工業,1992/5/9,ESVUFR,
40,TW0001316008,1316,上曜,上市,股票,建材營造業,1992/10/15,ESVUFR,
41,TW0001319002,1319,東陽,上市,股票,汽車工業,1994/12/12,ESVUFR,
42,TW0001321008,1321,大洋,上市,股票,塑膠工業,1999/1/26,ESVUFR,
43,TW0001323004,1323,永裕,上市,股票,塑膠工業,2000/9/11,ESVUFR,
44,TW0001324002,1324,地球,上市,股票,塑膠工業,2000/9/11,ESVUFR,
45,TW0001325009,1325,恆大,上市,股票,塑膠工業,2000/9/11,ESVUFR,
46,TW0001326007,1326,台化,上市,股票,塑膠工業,1984/12/20,ESVUFR,
47,KYG0539R1039,1337,再生-KY,上市,股票,塑膠工業,2011/7/1,ESVUFR,
48,KYG451001070,1338,廣華-KY,上市,股票,汽車工業,2012/12/19,ESVUFR,
49,TW0001339000,1339,昭輝,上市,股票,汽車工業,2012/4/24,ESVUFR,
50,KYG935971054,1340,勝悅-KY,上市,股票,塑膠工業,2013/12/6,ESVUFR,
51,KYG3730M1050,1341,富林-KY,上市,股票,塑膠工業,2018/12/24,ESVUFR,
52,TW0001342004,1342,八貫,上市,股票,其他業,2020/11/24,ESVUFR,
53,TW0001402006,1402,遠東新,上市,股票,紡織纖維,1967/4/14,ESVUFR,
54,TW0001409001,1409,新纖,上市,股票,紡織纖維,1973/8/31,ESVUFR,
55,TW0001410009,1410,南染,上市,股票,紡織纖維,1973/10/18,ESVUFR,
56,TW0001413003,1413,宏洲,上市,股票,紡織纖維,1975/12/23,ESVUFR,
57,TW0001414001,1414,東和,上市,股票,紡織纖維,1976/2/2,ESVUFR,
58,TW0001416006,1416,廣豐,上市,股票,其他業,1976/4/20,ESVUFR,
59,TW0001417004,1417,嘉裕,上市,股票,紡織纖維,1976/12/28,ESVUFR,
60,TW0001418002,1418,東華,上市,股票,紡織纖維,1977/2/14,ESVUFR,
61,TW0001419000,1419,新紡,上市,股票,紡織纖維,1977/3/14,ESVUFR,
62,TW0001423002,1423,利華,上市,股票,紡織纖維,1979/4/2,ESVUFR,
63,TW0001432003,1432,大魯閣,上市,股票,運動休閒,1982/7/26,ESVUFR,
64,TW0001434009,1434,福懋,上市,股票,紡織纖維,1985/12/24,ESVUFR,
65,TW0001435006,1435,中福,上市,股票,其他業,1987/12/28,ESVUFR,
66,TW0001436004,1436,華友聯,上市,股票,建材營造業,1988/4/11,ESVUFR,
67,TW0001437002,1437,勤益控,上市,股票,其他業,1988/11/10,ESVUFR,
68,TW0001438000,1438,三地開發,上市,股票,建材營造業,1988/12/15,ESVUFR,
69,TW0001439008,1439,雋揚,上市,股票,建材營造業,1989/5/22,ESVUFR,
70,TW0001440006,1440,南紡,上市,股票,紡織纖維,1989/10/3,ESVUFR,
71,TW0001441004,1441,大東,上市,股票,紡織纖維,1989/10/27,ESVUFR,
72,TW0001442002,1442,名軒,上市,股票,建材營造業,1989/11/16,ESVUFR,
73,TW0001443000,1443,立益物流,上市,股票,其他業,1990/4/21,ESVUFR,
74,TW0001444008,1444,力麗,上市,股票,紡織纖維,1990/8/8,ESVUFR,
75,TW0001445005,1445,大宇,上市,股票,紡織纖維,1991/2/5,ESVUFR,
76,TW0001446003,1446,宏和,上市,股票,紡織纖維,1991/10/15,ESVUFR,
77,TW0001447001,1447,力鵬,上市,股票,紡織纖維,1992/1/28,ESVUFR,
78,TW0001449007,1449,佳和,上市,股票,紡織纖維,1992/3/12,ESVUFR,
79,TW0001451003,1451,年興,上市,股票,紡織纖維,1992/12/21,ESVUFR,
80,TW0001452001,1452,宏益,上市,股票,紡織纖維,1992/12/28,ESVUFR,
81,TW0001453009,1453,大將,上市,股票,建材營造業,1993/4/19,ESVUFR,
82,TW0001454007,1454,台富,上市,股票,紡織纖維,1993/5/7,ESVUFR,
83,TW0001455004,1455,集盛,上市,股票,紡織纖維,1993/10/7,ESVUFR,
84,TW0001456002,1456,怡華,上市,股票,建材營造業,1993/12/9,ESVUFR,
85,TW0001457000,1457,宜進,上市,股票,紡織纖維,1994/10/20,ESVUFR,
86,TW0001459006,1459,聯發,上市,股票,紡織纖維,1994/10/26,ESVUFR,
87,TW0001460004,1460,宏遠,上市,股票,紡織纖維,1995/4/28,ESVUFR,
88,TW0001463008,1463,強盛新,上市,股票,紡織纖維,1996/12/5,ESVUFR,
89,TW0001464006,1464,得力,上市,股票,紡織纖維,1997/1/18,ESVUFR,
90,TW0001465003,1465,偉全,上市,股票,紡織纖維,1997/9/8,ESVUFR,
91,TW0001466001,1466,聚隆,上市,股票,紡織纖維,1998/4/4,ESVUFR,
92,TW0001467009,1467,南緯,上市,股票,紡織纖維,1998/12/21,ESVUFR,
93,TW0001468007,1468,昶和,上市,股票,紡織纖維,1999/1/21,ESVUFR,
94,TW0001470003,1470,大統新創,上市,股票,紡織纖維,1999/5/21,ESVUFR,
95,TW0001471001,1471,首利,上市,股票,電子零組件業,2000/3/6,ESVUFR,
96,TW0001472009,1472,三洋實業,上市,股票,建材營造業,2000/9/11,ESVUFR,
97,TW0001473007,1473,台南,上市,股票,紡織纖維,2000/9/11,ESVUFR,
98,TW0001474005,1474,弘裕,上市,股票,紡織纖維,2000/10/31,ESVUFR,
99,TW0001475002,1475,業旺,上市,股票,紡織纖維,2000/10/27,ESVUFR,
100,TW0001476000,1476,儒鴻,上市,股票,紡織纖維,2001/4/18,ESVUFR,
101,TW0001477008,1477,聚陽,上市,股票,紡織纖維,2003/1/21,ESVUFR,
102,TW0001503001,1503,士電,上市,股票,電機機械,1969/12/15,ESVUFR,
103,TW0001504009,1504,東元,上市,股票,電機機械,1973/11/5,ESVUFR,
104,TW0001506004,1506,正道,上市,股票,電機機械,1980/8/11,ESVUFR,
105,TW0001512002,1512,瑞利,上市,股票,汽車工業,1994/1/28,ESVUFR,
106,TW0001513000,1513,中興電,上市,股票,電機機械,1994/3/8,ESVUFR,
107,TW0001514008,1514,亞力,上市,股票,電機機械,1994/3/26,ESVUFR,
108,TW0001515005,1515,力山,上市,股票,電機機械,1995/2/4,ESVUFR,
109,TW0001516003,1516,川飛,上市,股票,其他業,1995/4/1,ESVUFR,
110,TW0001517001,1517,利奇,上市,股票,電機機械,1995/11/14,ESVUFR,
111,TW0001519007,1519,華城,上市,股票,電機機械,1997/4/16,ESVUFR,
112,TW0001521003,1521,大億,上市,股票,汽車工業,1997/10/6,ESVUFR,
113,TW0001522001,1522,堤維西,上市,股票,汽車工業,1997/10/6,ESVUFR,
114,TW0001524007,1524,耿鼎,上市,股票,汽車工業,1998/10/30,ESVUFR,
115,TW0001525004,1525,江申,上市,股票,汽車工業,1999/5/15,ESVUFR,
116,TW0001526002,1526,日馳,上市,股票,電機機械,2000/3/27,ESVUFR,
117,TW0001527000,1527,鑽全,上市,股票,電機機械,2000/6/21,ESVUFR,
118,TW0001528008,1528,恩德,上市,股票,電機機械,2000/9/11,ESVUFR,
119,TW0001529006,1529,樂事綠能,上市,股票,電機機械,2000/9/11,ESVUFR,
120,TW0001530004,1530,亞崴,上市,股票,電機機械,2000/9/11,ESVUFR,
121,TW0001531002,1531,高林股,上市,股票,電機機械,2000/9/11,ESVUFR,
122,TW0001532000,1532,勤美,上市,股票,電機機械,2000/9/11,ESVUFR,
123,TW0001533008,1533,車王電,上市,股票,汽車工業,2001/4/6,ESVUFR,
124,TW0001535003,1535,中宇,上市,股票,電機機械,2001/9/17,ESVUFR,
125,TW0001536001,1536,和大,上市,股票,汽車工業,2001/9/17,ESVUFR,
126,TW0001537009,1537,廣隆,上市,股票,電機機械,2002/1/22,ESVUFR,
127,TW0001538007,1538,正峰,上市,股票,電機機械,2002/8/26,ESVUFR,
128,TW0001539005,1539,巨庭,上市,股票,電機機械,2002/10/29,ESVUFR,
129,TW0001540003,1540,喬福,上市,股票,電機機械,2002/8/26,ESVUFR,
130,TW0001541001,1541,錩泰,上市,股票,電機機械,2003/3/19,ESVUFR,
131,TW0001558005,1558,伸興,上市,股票,電機機械,2014/12/23,ESVUFR,
132,TW0001560001,1560,中砂,上市,股票,電機機械,2005/1/31,ESVUFR,
133,TW0001563005,1563,巧新,上市,股票,汽車工業,2024/5/13,ESVUFR,
134,TW0001568004,1568,倉佑,上市,股票,汽車工業,2014/5/14,ESVUFR,
135,TW0001582005,1582,信錦,上市,股票,電子零組件業,2009/12/17,ESVUFR,
136,TW0001583003,1583,程泰,上市,股票,電機機械,2008/1/24,ESVUFR,
137,TW0001587004,1587,吉茂,上市,股票,汽車工業,2018/4/16,ESVUFR,
138,KYG984291065,1589,永冠-KY,上市,股票,電機機械,2012/4/27,ESVUFR,
139,KYG014081064,1590,亞德客-KY,上市,股票,電機機械,2010/12/13,ESVUFR,
140,TW0001597003,1597,直得,上市,股票,電機機械,2020/12/23,ESVUFR,
141,TW0001598001,1598,岱宇,上市,股票,運動休閒,2016/9/20,ESVUFR,
142,TW0001603009,1603,華電,上市,股票,電器電纜,1968/6/3,ESVUFR,
143,TW0001604007,1604,聲寶,上市,股票,電器電纜,1970/12/14,ESVUFR,
144,TW0001605004,1605,華新,上市,股票,電器電纜,1972/11/3,ESVUFR,
145,TW0001608008,1608,華榮,上市,股票,電器電纜,1988/7/11,ESVUFR,
146,TW0001609006,1609,大亞,上市,股票,電器電纜,1988/12/12,ESVUFR,
147,TW0001611002,1611,中電,上市,股票,電器電纜,1990/1/16,ESVUFR,
148,TW0001612000,1612,宏泰,上市,股票,電器電纜,1993/5/8,ESVUFR,
149,TW0001614006,1614,三洋電,上市,股票,電器電纜,1997/9/18,ESVUFR,
150,TW0001615003,1615,大山,上市,股票,電器電纜,2000/3/30,ESVUFR,
151,TW0001616001,1616,億泰,上市,股票,電器電纜,2000/9/11,ESVUFR,
152,TW0001617009,1617,榮星,上市,股票,電器電纜,2000/9/11,ESVUFR,
153,TW0001618007,1618,合機,上市,股票,電器電纜,2000/9/11,ESVUFR,
154,TW0001623007,1623,大東電,上市,股票,電器電纜,2026/1/22,ESVUFR,
155,KYG0135T1076,1626,艾美特-KY,上市,股票,電器電纜,2013/3/21,ESVUFR,
156,TW0001702009,1702,南僑,上市,股票,食品工業,1973/5/30,ESVUFR,
157,TW0001707008,1707,葡萄王,上市,股票,生技醫療業,1982/12/20,ESVUFR,
158,TW0001708006,1708,東鹼,上市,股票,化學工業,1986/6/16,ESVUFR,
159,TW0001709004,1709,和益,上市,股票,化學工業,1986/7/3,ESVUFR,
160,TW0001710002,1710,東聯,上市,股票,化學工業,1987/10/21,ESVUFR,
161,TW0001711000,1711,永光,上市,股票,化學工業,1988/12/27,ESVUFR,
162,TW0001712008,1712,興農,上市,股票,化學工業,1989/12/14,ESVUFR,
163,TW0001713006,1713,國化,上市,股票,化學工業,1990/1/31,ESVUFR,
164,TW0001714004,1714,和桐,上市,股票,化學工業,1991/8/30,ESVUFR,
165,TW0001717007,1717,長興,上市,股票,化學工業,1994/3/31,ESVUFR,
166,TW0001718005,1718,中纖,上市,股票,化學工業,1963/12/2,ESVUFR,
167,TW0001720001,1720,生達,上市,股票,生技醫療業,1995/12/12,ESVUFR,
168,TW0001721009,1721,三晃,上市,股票,化學工業,1996/5/16,ESVUFR,
169,TW0001722007,1722,台肥,上市,股票,化學工業,1998/3/24,ESVUFR,
170,TW0001723005,1723,中碳,上市,股票,化學工業,1998/11/27,ESVUFR,
171,TW0001725000,1725,元禎,上市,股票,化學工業,2000/9/11,ESVUFR,
172,TW0001726008,1726,永記,上市,股票,化學工業,2000/9/11,ESVUFR,
173,TW0001727006,1727,中華化,上市,股票,化學工業,2000/9/11,ESVUFR,
174,TW0001730000,1730,花仙子,上市,股票,化學工業,2001/9/17,ESVUFR,
175,TW0001731008,1731,美吾華,上市,股票,生技醫療業,2001/9/17,ESVUFR,
176,TW0001732006,1732,毛寶,上市,股票,化學工業,2001/9/17,ESVUFR,
177,TW0001733004,1733,五鼎,上市,股票,生技醫療業,2001/9/17,ESVUFR,
178,TW0001734002,1734,杏輝,上市,股票,生技醫療業,2002/8/26,ESVUFR,
179,TW0001735009,1735,日勝化,上市,股票,化學工業,2002/8/26,ESVUFR,
180,TW0001736007,1736,喬山,上市,股票,運動休閒,2003/1/9,ESVUFR,
181,TW0001737005,1737,臺鹽,上市,股票,食品工業,2003/11/18,ESVUFR,
182,TW0001752004,1752,南光,上市,股票,生技醫療業,2022/1/19,ESVUFR,
183,TW0001760007,1760,寶齡富錦,上市,股票,生技醫療業,2018/1/23,ESVUFR,
184,TW0001762003,1762,中化生,上市,股票,生技醫療業,2010/12/20,ESVUFR,
185,TW0001773000,1773,勝一,上市,股票,化學工業,2009/2/27,ESVUFR,
186,TW0001776003,1776,展宇,上市,股票,化學工業,2016/5/9,ESVUFR,
187,TW0001783009,1783,和康生,上市,股票,生技醫療業,2013/12/20,ESVUFR,
188,TW0001786002,1786,科妍,上市,股票,生技醫療業,2013/11/12,ESVUFR,
189,TW0001789006,1789,神隆,上市,股票,生技醫療業,2011/9/29,ESVUFR,
190,TW0001795003,1795,美時,上市,股票,生技醫療業,2019/12/16,ESVUFR,
191,TW0001802007,1802,台玻,上市,股票,玻璃陶瓷,1973/7/20,ESVUFR,
192,TW0001805000,1805,寶徠,上市,股票,建材營造業,1989/10/20,ESVUFR,
193,TW0001806008,1806,冠軍,上市,股票,玻璃陶瓷,1992/9/29,ESVUFR,
194,TW0001808004,1808,潤隆,上市,股票,建材營造業,1994/10/26,ESVUFR,
195,TW0001809002,1809,中釉,上市,股票,玻璃陶瓷,1996/4/30,ESVUFR,
196,TW0001810000,1810,和成,上市,股票,玻璃陶瓷,1991/10/14,ESVUFR,
197,TW0001817005,1817,凱撒衛,上市,股票,玻璃陶瓷,2013/10/24,ESVUFR,
198,TW0001903003,1903,士紙,上市,股票,造紙工業,1963/12/9,ESVUFR,
199,TW0001904001,1904,正隆,上市,股票,造紙工業,1971/9/10,ESVUFR,
200,TW0001905008,1905,華紙,上市,股票,造紙工業,1975/2/7,ESVUFR,
201,TW0001906006,1906,寶隆,上市,股票,造紙工業,1976/4/26,ESVUFR,
202,TW0001907004,1907,永豐餘,上市,股票,造紙工業,1977/2/22,ESVUFR,
203,TW0001909000,1909,榮成,上市,股票,造紙工業,1985/11/19,ESVUFR,
204,TW0002002003,2002,中鋼,上市,股票,鋼鐵工業,1974/12/26,ESVUFR,
205,TW0002006004,2006,東和鋼鐵,上市,股票,鋼鐵工業,1988/7/13,ESVUFR,
206,TW0002007002,2007,燁興,上市,股票,鋼鐵工業,1988/10/4,ESVUFR,
207,TW0002008000,2008,高興昌,上市,股票,鋼鐵工業,1988/12/28,ESVUFR,
208,TW0002009008,2009,第一銅,上市,股票,鋼鐵工業,1989/10/20,ESVUFR,
209,TW0002010006,2010,春源,上市,股票,鋼鐵工業,1989/12/22,ESVUFR,
210,TW0002012002,2012,春雨,上市,股票,鋼鐵工業,1991/10/17,ESVUFR,
211,TW0002013000,2013,中鋼構,上市,股票,鋼鐵工業,1992/1/21,ESVUFR,
212,TW0002014008,2014,中鴻,上市,股票,鋼鐵工業,1992/2/20,ESVUFR,
213,TW0002015005,2015,豐興,上市,股票,鋼鐵工業,1992/5/25,ESVUFR,
214,TW0002017001,2017,官田鋼,上市,股票,鋼鐵工業,1992/11/2,ESVUFR,
215,TW0002020005,2020,美亞,上市,股票,鋼鐵工業,1993/4/27,ESVUFR,
216,TW0002022001,2022,聚亨,上市,股票,鋼鐵工業,1995/3/27,ESVUFR,
217,TW0002023009,2023,燁輝,上市,股票,鋼鐵工業,1995/7/28,ESVUFR,
218,TW0002024007,2024,志聯,上市,股票,鋼鐵工業,1995/12/30,ESVUFR,
219,TW0002025004,2025,千興,上市,股票,鋼鐵工業,1996/2/8,ESVUFR,
220,TW0002027000,2027,大成鋼,上市,股票,鋼鐵工業,1996/10/24,ESVUFR,
221,TW0002028008,2028,威致,上市,股票,鋼鐵工業,1996/12/13,ESVUFR,
222,TW0002029006,2029,盛餘,上市,股票,鋼鐵工業,1997/1/11,ESVUFR,
223,TW0002030004,2030,彰源,上市,股票,鋼鐵工業,1998/12/24,ESVUFR,
224,TW0002031002,2031,新光鋼,上市,股票,鋼鐵工業,2000/9/11,ESVUFR,
225,TW0002032000,2032,新鋼,上市,股票,鋼鐵工業,2000/9/11,ESVUFR,
226,TW0002033008,2033,佳大,上市,股票,鋼鐵工業,2000/9/11,ESVUFR,
227,TW0002034006,2034,允強,上市,股票,鋼鐵工業,2001/9/17,ESVUFR,
228,TW0002038007,2038,海光,上市,股票,鋼鐵工業,2008/12/30,ESVUFR,
229,TW0002049004,2049,上銀,上市,股票,電機機械,2009/6/26,ESVUFR,
230,TW0002059003,2059,川湖,上市,股票,電子零組件業,2008/6/25,ESVUFR,
231,TW0002062007,2062,橋椿,上市,股票,居家生活,2007/11/16,ESVUFR,
232,TW0002069002,2069,運錩,上市,股票,鋼鐵工業,2016/3/22,ESVUFR,
233,TW0002101003,2101,南港,上市,股票,橡膠工業,1963/11/1,ESVUFR,
234,TW0002102001,2102,泰豐,上市,股票,橡膠工業,1979/7/16,ESVUFR,
235,TW0002103009,2103,台橡,上市,股票,橡膠工業,1982/9/25,ESVUFR,
236,TW0002104007,2104,國際中橡,上市,股票,橡膠工業,1986/7/15,ESVUFR,
237,TW0002105004,2105,正新,上市,股票,橡膠工業,1987/12/7,ESVUFR,
238,TW0002106002,2106,建大,上市,股票,橡膠工業,1990/12/20,ESVUFR,
239,TW0002107000,2107,厚生,上市,股票,橡膠工業,1992/3/3,ESVUFR,
240,TW0002108008,2108,南帝,上市,股票,橡膠工業,1992/10/27,ESVUFR,
241,TW0002109006,2109,華豐,上市,股票,橡膠工業,2000/5/8,ESVUFR,
242,TW0002114006,2114,鑫永銓,上市,股票,橡膠工業,2010/12/29,ESVUFR,
243,KYG5700L1086,2115,六暉-KY,上市,股票,汽車工業,2013/12/25,ESVUFR,
244,TW0002201001,2201,裕隆,上市,股票,汽車工業,1976/7/8,ESVUFR,
245,TW0002204005,2204,中華,上市,股票,汽車工業,1991/3/12,ESVUFR,
246,TW0002206000,2206,三陽工業,上市,股票,汽車工業,1996/7/29,ESVUFR,
247,TW0002207008,2207,和泰車,上市,股票,汽車工業,1997/2/25,ESVUFR,
248,TW0002208006,2208,台船,上市,股票,航運業,2008/12/22,ESVUFR,
249,TW0002211000,2211,長榮鋼,上市,股票,鋼鐵工業,2021/4/12,ESVUFR,
250,TW0002227006,2227,裕日車,上市,股票,汽車工業,2004/12/21,ESVUFR,
251,TW0002228004,2228,劍麟,上市,股票,汽車工業,2013/11/25,ESVUFR,
252,TW0002231008,2231,為升,上市,股票,汽車工業,2010/11/19,ESVUFR,
253,TW0002233004,2233,宇隆,上市,股票,汽車工業,2019/9/17,ESVUFR,
254,KYG693691092,2236,百達-KY,上市,股票,汽車工業,2015/6/3,ESVUFR,
255,KYG1991F1081,2239,英利-KY,上市,股票,汽車工業,2016/1/27,ESVUFR,
256,TW0002241007,2241,艾姆勒,上市,股票,汽車工業,2020/8/26,ESVUFR,
257,KYG460651014,2243,宏旭-KY,上市,股票,汽車工業,2017/9/27,ESVUFR,
258,TW0002247004,2247,汎德永業,上市,股票,汽車工業,2020/10/12,ESVUFR,
259,KYG8T24R1076,2248,華勝-KY,上市,股票,汽車工業,2025/3/13,ESVUFR,
260,KYG4R56R1099,2250,IKKA-KY,上市,股票,汽車工業,2021/5/31,ESVUFR,
261,TW0002301009,2301,光寶科,上市,股票,電腦及週邊設備業,1995/11/17,ESVUFR,
262,TW0002302007,2302,麗正,上市,股票,半導體業,1985/1/15,ESVUFR,
263,TW0002303005,2303,聯電,上市,股票,半導體業,1985/7/16,ESVUFR,
264,TW0002305000,2305,全友,上市,股票,電腦及週邊設備業,1988/10/21,ESVUFR,
265,TW0002308004,2308,台達電,上市,股票,電子零組件業,1988/12/19,ESVUFR,
266,TW0002312006,2312,金寶,上市,股票,其他電子業,1989/11/7,ESVUFR,
267,TW0002313004,2313,華通,上市,股票,電子零組件業,1990/7/24,ESVUFR,
268,TW0002314002,2314,台揚,上市,股票,通信網路業,1990/8/8,ESVUFR,
269,TW0002316007,2316,楠梓電,上市,股票,電子零組件業,1991/2/5,ESVUFR,
270,TW0002317005,2317,鴻海,上市,股票,其他電子業,1991/6/18,ESVUFR,
271,TW0002321007,2321,東訊,上市,股票,通信網路業,1991/11/8,ESVUFR,
272,TW0002323003,2323,中環,上市,股票,光電業,1992/2/17,ESVUFR,
273,TW0002324001,2324,仁寶,上市,股票,電腦及週邊設備業,1992/2/18,ESVUFR,
274,TW0002327004,2327,國巨*,上市,股票,電子零組件業,1993/10/22,ESVUFR,
275,TW0002328002,2328,廣宇,上市,股票,電子零組件業,1993/11/9,ESVUFR,
276,TW0002329000,2329,華泰,上市,股票,半導體業,1994/4/20,ESVUFR,
277,TW0002330008,2330,台積電,上市,股票,半導體業,1994/9/5,ESVUFR,
278,TW0002331006,2331,精英,上市,股票,電腦及週邊設備業,1994/9/21,ESVUFR,
279,TW0002332004,2332,友訊,上市,股票,通信網路業,1994/10/17,ESVUFR,
280,TW0002337003,2337,旺宏,上市,股票,半導體業,1995/3/15,ESVUFR,
281,TW0002338001,2338,光罩,上市,股票,半導體業,1995/4/17,ESVUFR,
282,TW0002340007,2340,台亞,上市,股票,半導體業,1995/5/2,ESVUFR,
283,TW0002342003,2342,茂矽,上市,股票,半導體業,1995/9/19,ESVUFR,
284,TW0002344009,2344,華邦電,上市,股票,半導體業,1995/10/18,ESVUFR,
285,TW0002345006,2345,智邦,上市,股票,通信網路業,1995/11/15,ESVUFR,
286,TW0002347002,2347,聯強,上市,股票,電子通路業,1995/12/13,ESVUFR,
287,TW0002348000,2348,海悅,上市,股票,其他業,1996/1/5,ESVUFR,
288,TW0002349008,2349,錸德,上市,股票,光電業,1996/4/23,ESVUFR,
289,TW0002351004,2351,順德,上市,股票,半導體業,1996/4/25,ESVUFR,
290,TW0002352002,2352,佳世達,上市,股票,電腦及週邊設備業,1996/7/22,ESVUFR,
291,TW0002353000,2353,宏碁,上市,股票,電腦及週邊設備業,1996/9/18,ESVUFR,
292,TW0002354008,2354,鴻準,上市,股票,其他電子業,1996/10/8,ESVUFR,
293,TW0002355005,2355,敬鵬,上市,股票,電子零組件業,1996/10/14,ESVUFR,
294,TW0002356003,2356,英業達,上市,股票,電腦及週邊設備業,1996/11/13,ESVUFR,
295,TW0002357001,2357,華碩,上市,股票,電腦及週邊設備業,1996/11/14,ESVUFR,
296,TW0002359007,2359,所羅門,上市,股票,其他電子業,1996/12/19,ESVUFR,
297,TW0002360005,2360,致茂,上市,股票,其他電子業,1996/12/21,ESVUFR,
298,TW0002362001,2362,藍天,上市,股票,電腦及週邊設備業,1997/4/2,ESVUFR,
299,TW0002363009,2363,矽統,上市,股票,半導體業,1997/8/1,ESVUFR,
300,TW0002364007,2364,倫飛,上市,股票,電腦及週邊設備業,1997/8/11,ESVUFR,
301,TW0002365004,2365,昆盈,上市,股票,電腦及週邊設備業,1997/11/3,ESVUFR,
302,TW0002367000,2367,燿華,上市,股票,電子零組件業,1997/12/13,ESVUFR,
303,TW0002368008,2368,金像電,上市,股票,電子零組件業,1998/3/9,ESVUFR,
304,TW0002369006,2369,菱生,上市,股票,半導體業,1998/4/10,ESVUFR,
305,TW0002371002,2371,大同,上市,股票,電機機械,1962/2/9,ESVUFR,
306,TW0002373008,2373,震旦行,上市,股票,其他電子業,1991/8/1,ESVUFR,
307,TW0002374006,2374,佳能,上市,股票,光電業,1995/1/16,ESVUFR,
308,TW0002375003,2375,凱美,上市,股票,電子零組件業,1998/8/29,ESVUFR,
309,TW0002376001,2376,技嘉,上市,股票,電腦及週邊設備業,1998/9/24,ESVUFR,
310,TW0002377009,2377,微星,上市,股票,電腦及週邊設備業,1998/10/31,ESVUFR,
311,TW0002379005,2379,瑞昱,上市,股票,半導體業,1998/10/26,ESVUFR,
312,TW0002380003,2380,虹光,上市,股票,電腦及週邊設備業,1998/12/3,ESVUFR,
313,TW0002382009,2382,廣達,上市,股票,電腦及週邊設備業,1999/1/8,ESVUFR,
314,TW0002383007,2383,台光電,上市,股票,電子零組件業,1998/11/27,ESVUFR,
315,TW0002385002,2385,群光,上市,股票,電子零組件業,1999/1/5,ESVUFR,
316,TW0002387008,2387,精元,上市,股票,電腦及週邊設備業,1999/1/25,ESVUFR,
317,TW0002388006,2388,威盛,上市,股票,半導體業,1999/3/5,ESVUFR,
318,TW0002390002,2390,云辰,上市,股票,其他電子業,1999/6/15,ESVUFR,
319,TW0002392008,2392,正崴,上市,股票,電子零組件業,1999/9/20,ESVUFR,
320,TW0002393006,2393,億光,上市,股票,光電業,1999/11/4,ESVUFR,
321,TW0002395001,2395,研華,上市,股票,電腦及週邊設備業,1999/12/13,ESVUFR,
322,TW0002397007,2397,友通,上市,股票,電腦及週邊設備業,2000/1/15,ESVUFR,
323,TW0002399003,2399,映泰,上市,股票,電腦及週邊設備業,1999/12/16,ESVUFR,
324,TW0002401007,2401,凌陽,上市,股票,半導體業,2000/1/27,ESVUFR,
325,TW0002402005,2402,毅嘉,上市,股票,電子零組件業,2000/1/14,ESVUFR,
326,TW0002404001,2404,漢唐,上市,股票,其他電子業,2000/3/14,ESVUFR,
327,TW0002405008,2405,輔信,上市,股票,電腦及週邊設備業,2000/3/17,ESVUFR,
328,TW0002406006,2406,國碩,上市,股票,光電業,2000/4/29,ESVUFR,
329,TW0002408002,2408,南亞科,上市,股票,半導體業,2000/8/17,ESVUFR,
330,TW0002409000,2409,友達,上市,股票,光電業,2000/9/8,ESVUFR,
331,TW0002412004,2412,中華電,上市,股票,通信網路業,2000/10/27,ESVUFR,
332,TW0002413002,2413,環科,上市,股票,電子零組件業,2000/9/11,ESVUFR,
333,TW0002414000,2414,精技,上市,股票,電子通路業,2000/9/11,ESVUFR,
334,TW0002415007,2415,錩新,上市,股票,電子零組件業,2000/9/11,ESVUFR,
335,TW0002417003,2417,圓剛,上市,股票,電腦及週邊設備業,2000/9/11,ESVUFR,
336,TW0002419009,2419,仲琦,上市,股票,通信網路業,2000/9/11,ESVUFR,
337,TW0002420007,2420,新巨,上市,股票,電子零組件業,2000/9/11,ESVUFR,
338,TW0002421005,2421,建準,上市,股票,電子零組件業,2000/9/11,ESVUFR,
339,TW0002423001,2423,固緯,上市,股票,其他電子業,2000/9/11,ESVUFR,
340,TW0002424009,2424,隴華,上市,股票,通信網路業,2000/9/11,ESVUFR,
341,TW0002425006,2425,承啟,上市,股票,電腦及週邊設備業,2000/9/11,ESVUFR,
342,TW0002426004,2426,鼎元,上市,股票,光電業,2000/9/11,ESVUFR,
343,TW0002427002,2427,三商電,上市,股票,資訊服務業,2000/9/11,ESVUFR,
344,TW0002428000,2428,興勤,上市,股票,電子零組件業,2000/9/11,ESVUFR,
345,TW0002429008,2429,銘旺科,上市,股票,光電業,2000/9/11,ESVUFR,
346,TW0002430006,2430,燦坤,上市,股票,電子通路業,2000/9/11,ESVUFR,
347,TW0002431004,2431,聯昌,上市,股票,電子零組件業,2000/9/11,ESVUFR,
348,TW0002433000,2433,互盛電,上市,股票,其他電子業,2000/9/11,ESVUFR,
349,TW0002434008,2434,統懋,上市,股票,半導體業,2000/9/11,ESVUFR,
350,TW0002436003,2436,偉詮電,上市,股票,半導體業,2000/9/11,ESVUFR,
351,TW0002438009,2438,翔耀,上市,股票,光電業,2000/9/11,ESVUFR,
352,TW0002439007,2439,美律,上市,股票,通信網路業,2000/9/11,ESVUFR,
353,TW0002440005,2440,太空梭,上市,股票,電子零組件業,2000/11/10,ESVUFR,
354,TW0002441003,2441,超豐,上市,股票,半導體業,2000/10/26,ESVUFR,
355,TW0002442001,2442,新美齊,上市,股票,建材營造業,2000/11/22,ESVUFR,
356,TW0002444007,2444,兆勁,上市,股票,通信網路業,2000/12/8,ESVUFR,
357,TW0002449006,2449,京元電子,上市,股票,半導體業,2001/5/9,ESVUFR,
358,TW0002450004,2450,神腦,上市,股票,通信網路業,2001/5/24,ESVUFR,
359,TW0002451002,2451,創見,上市,股票,半導體業,2001/5/3,ESVUFR,
360,TW0002453008,2453,凌群,上市,股票,資訊服務業,2001/5/22,ESVUFR,
361,TW0002454006,2454,聯發科,上市,股票,半導體業,2001/7/23,ESVUFR,
362,TW0002455003,2455,全新,上市,股票,通信網路業,2002/1/24,ESVUFR,
363,TW0002457009,2457,飛宏,上市,股票,電子零組件業,2001/9/17,ESVUFR,
364,TW0002458007,2458,義隆,上市,股票,半導體業,2001/9/17,ESVUFR,
365,TW0002459005,2459,敦吉,上市,股票,其他電子業,2001/9/17,ESVUFR,
366,TW0002460003,2460,建通,上市,股票,電子零組件業,2001/9/17,ESVUFR,
367,TW0002461001,2461,光群雷,上市,股票,其他電子業,2001/9/17,ESVUFR,
368,TW0002462009,2462,良得電,上市,股票,電子零組件業,2001/9/17,ESVUFR,
369,TW0002464005,2464,盟立,上市,股票,其他電子業,2001/9/17,ESVUFR,
370,TW0002465002,2465,麗臺,上市,股票,電腦及週邊設備業,2001/9/19,ESVUFR,
371,TW0002466000,2466,冠西電,上市,股票,光電業,2001/9/17,ESVUFR,
372,TW0002467008,2467,志聖,上市,股票,電子零組件業,2001/9/17,ESVUFR,
373,TW0002468006,2468,華經,上市,股票,資訊服務業,2001/9/17,ESVUFR,
374,TW0002471000,2471,資通,上市,股票,資訊服務業,2001/9/17,ESVUFR,
375,TW0002472008,2472,立隆電,上市,股票,電子零組件業,2001/9/17,ESVUFR,
376,TW0002474004,2474,可成,上市,股票,其他電子業,2001/9/17,ESVUFR,
377,TW0002476009,2476,鉅祥,上市,股票,電子零組件業,2001/9/17,ESVUFR,
378,TW0002477007,2477,美隆電,上市,股票,其他電子業,2001/9/17,ESVUFR,
379,TW0002478005,2478,大毅,上市,股票,電子零組件業,2001/9/17,ESVUFR,
380,TW0002480001,2480,敦陽科,上市,股票,資訊服務業,2001/9/17,ESVUFR,
381,TW0002481009,2481,強茂,上市,股票,半導體業,2001/9/17,ESVUFR,
382,TW0002482007,2482,連宇,上市,股票,其他電子業,2001/9/17,ESVUFR,
383,TW0002483005,2483,百容,上市,股票,電子零組件業,2001/9/17,ESVUFR,
384,TW0002484003,2484,希華,上市,股票,電子零組件業,2001/9/17,ESVUFR,
385,TW0002485000,2485,兆赫,上市,股票,通信網路業,2001/9/17,ESVUFR,
386,TW0002486008,2486,一詮,上市,股票,光電業,2001/9/19,ESVUFR,
387,TW0002488004,2488,漢平,上市,股票,其他電子業,2001/9/17,ESVUFR,
388,TW0002489002,2489,瑞軒,上市,股票,光電業,2001/9/17,ESVUFR,
389,TW0002491008,2491,吉祥全,上市,股票,光電業,2001/9/17,ESVUFR,
390,TW0002492006,2492,華新科,上市,股票,電子零組件業,2001/9/17,ESVUFR,
391,TW0002493004,2493,揚博,上市,股票,電子零組件業,2002/1/23,ESVUFR,
392,TW0002495009,2495,普安,上市,股票,電腦及週邊設備業,2002/3/25,ESVUFR,
393,TW0002496007,2496,卓越,上市,股票,其他業,2002/3/8,ESVUFR,
394,TW0002497005,2497,怡利電,上市,股票,汽車工業,2002/2/4,ESVUFR,
395,TW0002498003,2498,宏達電,上市,股票,通信網路業,2002/3/26,ESVUFR,
396,TW0002501004,2501,國建,上市,股票,建材營造業,1967/10/28,ESVUFR,
397,TW0002504008,2504,國產,上市,股票,建材營造業,1978/3/14,ESVUFR,
398,TW0002505005,2505,國揚,上市,股票,建材營造業,1979/11/14,ESVUFR,
399,TW0002506003,2506,太設,上市,股票,建材營造業,1980/2/2,ESVUFR,
400,TW0002509007,2509,全坤建,上市,股票,建材營造業,1988/5/20,ESVUFR,
401,TW0002511003,2511,太子,上市,股票,建材營造業,1991/4/24,ESVUFR,
402,TW0002514007,2514,龍邦,上市,股票,其他業,1992/9/26,ESVUFR,
403,TW0002515004,2515,中工,上市,股票,建材營造業,1993/3/2,ESVUFR,
404,TW0002516002,2516,新建,上市,股票,建材營造業,1993/5/25,ESVUFR,
405,TW0002520004,2520,冠德,上市,股票,建材營造業,1993/10/27,ESVUFR,
406,TW0002524006,2524,京城,上市,股票,建材營造業,1994/10/18,ESVUFR,
407,TW0002527009,2527,宏璟,上市,股票,建材營造業,1995/3/6,ESVUFR,
408,TW0002528007,2528,皇普,上市,股票,建材營造業,1995/3/10,ESVUFR,
409,TW0002530003,2530,華建,上市,股票,建材營造業,1995/10/12,ESVUFR,
410,TW0002534005,2534,宏盛,上市,股票,建材營造業,1996/2/12,ESVUFR,
411,TW0002535002,2535,達欣工,上市,股票,建材營造業,1996/3/11,ESVUFR,
412,TW0002536000,2536,宏普,上市,股票,建材營造業,1996/3/14,ESVUFR,
413,TW0002537008,2537,聯上發,上市,股票,建材營造業,1996/9/6,ESVUFR,
414,TW0002538006,2538,基泰,上市,股票,建材營造業,1996/11/1,ESVUFR,
415,TW0002539004,2539,櫻花建,上市,股票,建材營造業,1997/7/16,ESVUFR,
416,TW0002540002,2540,愛山林,上市,股票,建材營造業,1989/12/26,ESVUFR,
417,TW0002542008,2542,興富發,上市,股票,建材營造業,1999/5/3,ESVUFR,
418,TW0002543006,2543,皇昌,上市,股票,建材營造業,1999/10/15,ESVUFR,
419,TW0002545001,2545,皇翔,上市,股票,建材營造業,2000/9/11,ESVUFR,
420,TW0002546009,2546,根基,上市,股票,建材營造業,2000/9/11,ESVUFR,
421,TW0002547007,2547,日勝生,上市,股票,建材營造業,2000/12/22,ESVUFR,
422,TW0002548005,2548,華固,上市,股票,建材營造業,2002/8/26,ESVUFR,
423,TW0002597002,2597,潤弘,上市,股票,建材營造業,2010/3/26,ESVUFR,
424,TW0002601002,2601,益航,上市,股票,貿易百貨業,1965/11/4,ESVUFR,
425,TW0002603008,2603,長榮,上市,股票,航運業,1987/9/21,ESVUFR,
426,TW0002605003,2605,新興,上市,股票,航運業,1989/12/8,ESVUFR,
427,TW0002606001,2606,裕民,上市,股票,航運業,1990/12/8,ESVUFR,
428,TW0002607009,2607,榮運,上市,股票,航運業,1990/12/14,ESVUFR,
429,TW0002608007,2608,嘉里大榮,上市,股票,航運業,1990/12/20,ESVUFR,
430,TW0002609005,2609,陽明,上市,股票,航運業,1992/4/20,ESVUFR,
431,TW0002610003,2610,華航,上市,股票,航運業,1993/2/26,ESVUFR,
432,TW0002611001,2611,志信,上市,股票,航運業,1993/10/28,ESVUFR,
433,TW0002612009,2612,中航,上市,股票,航運業,1994/10/20,ESVUFR,
434,TW0002613007,2613,中櫃,上市,股票,航運業,1995/1/20,ESVUFR,
435,TW0002614005,2614,東森,上市,股票,其他業,1995/9/23,ESVUFR,
436,TW0002615002,2615,萬海,上市,股票,航運業,1996/5/16,ESVUFR,
437,TW0002616000,2616,山隆,上市,股票,油電燃氣業,1997/11/8,ESVUFR,
438,TW0002617008,2617,台航,上市,股票,航運業,1998/6/24,ESVUFR,
439,TW0002618006,2618,長榮航,上市,股票,航運業,2001/9/17,ESVUFR,
440,TW0002630001,2630,亞航,上市,股票,航運業,2018/2/22,ESVUFR,
441,TW0002633005,2633,台灣高鐵,上市,股票,航運業,2016/10/27,ESVUFR,
442,TW0002634003,2634,漢翔,上市,股票,航運業,2014/8/25,ESVUFR,
443,TW0002636008,2636,台驊控股,上市,股票,航運業,2016/12/22,ESVUFR,
444,KYG9721M1033,2637,慧洋-KY,上市,股票,航運業,2010/12/1,ESVUFR,
445,TW0002642006,2642,宅配通,上市,股票,航運業,2013/12/12,ESVUFR,
446,TW0002645009,2645,長榮航太,上市,股票,航運業,2023/3/14,ESVUFR,
447,TW0002646007,2646,星宇航空,上市,股票,航運業,2024/10/25,ESVUFR,
448,TW0002701000,2701,萬企,上市,股票,觀光餐旅,1965/3/22,ESVUFR,
449,TW0002702008,2702,華園,上市,股票,觀光餐旅,1965/2/14,ESVUFR,
450,TW0002704004,2704,國賓,上市,股票,觀光餐旅,1982/11/10,ESVUFR,
451,TW0002705001,2705,六福,上市,股票,觀光餐旅,1988/12/24,ESVUFR,
452,TW0002706009,2706,第一店,上市,股票,觀光餐旅,1991/6/25,ESVUFR,
453,TW0002707007,2707,晶華,上市,股票,觀光餐旅,1998/3/9,ESVUFR,
454,TW0002712007,2712,遠雄來,上市,股票,觀光餐旅,2013/12/3,ESVUFR,
455,TW0002722006,2722,夏都,上市,股票,觀光餐旅,2012/3/14,ESVUFR,
456,KYG4002A1004,2723,美食-KY,上市,股票,觀光餐旅,2010/11/22,ESVUFR,
457,TW0002727005,2727,王品,上市,股票,觀光餐旅,2012/3/6,ESVUFR,
458,TW0002731007,2731,雄獅,上市,股票,觀光餐旅,2013/9/24,ESVUFR,
459,TW0002739000,2739,寒舍,上市,股票,觀光餐旅,2016/5/19,ESVUFR,
460,TW0002748001,2748,雲品,上市,股票,觀光餐旅,2016/11/23,ESVUFR,
461,TW0002753001,2753,八方雲集,上市,股票,觀光餐旅,2021/9/9,ESVUFR,
462,KYG9823E1089,2762,世界健身-KY,上市,股票,運動休閒,2024/1/24,ESVUFR,
463,TW0002801008,2801,彰銀,上市,股票,金融保險業,1962/2/15,ESVUFR,
464,TW0002812005,2812,台中銀,上市,股票,金融保險業,1984/5/15,ESVUFR,
465,TW0002816006,2816,旺旺保,上市,股票,金融保險業,1992/5/5,ESVUFR,
466,TW0002820008,2820,華票,上市,股票,金融保險業,1994/10/26,ESVUFR,
467,TW0002832003,2832,台產,上市,股票,金融保險業,1997/9/30,ESVUFR,
468,TW0002834009,2834,臺企銀,上市,股票,金融保險業,1998/1/3,ESVUFR,
469,TW0002836004,2836,高雄銀,上市,股票,金融保險業,1998/5/18,ESVUFR,
470,TW0002838000,2838,聯邦銀,上市,股票,金融保險業,1998/6/29,ESVUFR,
471,TW0002845005,2845,遠東銀,上市,股票,金融保險業,1998/11/27,ESVUFR,
472,TW0002849007,2849,安泰銀,上市,股票,金融保險業,1999/9/27,ESVUFR,
473,TW0002850005,2850,新產,上市,股票,金融保險業,2000/5/22,ESVUFR,
474,TW0002851003,2851,中再保,上市,股票,金融保險業,2000/7/6,ESVUFR,
475,TW0002852001,2852,第一保,上市,股票,金融保險業,2000/11/28,ESVUFR,
476,TW0002855004,2855,統一證,上市,股票,金融保險業,2002/9/16,ESVUFR,
477,TW0002867009,2867,三商壽,上市,股票,金融保險業,2012/12/18,ESVUFR,
478,TW0002880002,2880,華南金,上市,股票,金融保險業,2001/12/19,ESVUFR,
479,TW0002881000,2881,富邦金,上市,股票,金融保險業,2001/12/19,ESVUFR,
480,TW0002882008,2882,國泰金,上市,股票,金融保險業,2001/12/31,ESVUFR,
481,TW0002883006,2883,凱基金,上市,股票,金融保險業,2001/12/28,ESVUFR,
482,TW0002884004,2884,玉山金,上市,股票,金融保險業,2002/1/28,ESVUFR,
483,TW0002885001,2885,元大金,上市,股票,金融保險業,2002/2/4,ESVUFR,
484,TW0002886009,2886,兆豐金,上市,股票,金融保險業,2002/2/4,ESVUFR,
485,TW0002887007,2887,台新新光金,上市,股票,金融保險業,2002/2/18,ESVUFR,
486,TW0002889003,2889,國票金,上市,股票,金融保險業,2002/3/26,ESVUFR,
487,TW0002890001,2890,永豐金,上市,股票,金融保險業,2002/5/9,ESVUFR,
488,TW0002891009,2891,中信金,上市,股票,金融保險業,2002/5/17,ESVUFR,
489,TW0002892007,2892,第一金,上市,股票,金融保險業,2003/1/2,ESVUFR,
490,TW0002897006,2897,王道銀行,上市,股票,金融保險業,2017/5/5,ESVUFR,
491,TW0002901006,2901,欣欣,上市,股票,貿易百貨業,1976/5/7,ESVUFR,
492,TW0002903002,2903,遠百,上市,股票,貿易百貨業,1978/10/11,ESVUFR,
493,TW0002904000,2904,匯僑,上市,股票,其他業,1983/1/5,ESVUFR,
494,TW0002905007,2905,三商,上市,股票,貿易百貨業,1988/9/19,ESVUFR,
495,TW0002906005,2906,高林,上市,股票,貿易百貨業,1989/12/26,ESVUFR,
496,TW0002908001,2908,特力,上市,股票,貿易百貨業,1993/2/18,ESVUFR,
497,TW0002910007,2910,統領,上市,股票,貿易百貨業,1996/12/30,ESVUFR,
498,TW0002911005,2911,麗嬰房,上市,股票,貿易百貨業,1997/1/18,ESVUFR,
499,TW0002912003,2912,統一超,上市,股票,貿易百貨業,1997/8/22,ESVUFR,
500,TW0002913001,2913,農林,上市,股票,貿易百貨業,1962/2/9,ESVUFR,
501,TW0002915006,2915,潤泰全,上市,股票,貿易百貨業,1977/7/20,ESVUFR,
502,KYG8190L1095,2923,鼎固-KY,上市,股票,建材營造業,2012/12/7,ESVUFR,
503,KYG8922A1085,2929,淘帝-KY,上市,股票,貿易百貨業,2013/12/30,ESVUFR,
504,KYG108031074,2939,永邑-KY,上市,股票,貿易百貨業,2018/1/11,ESVUFR,
505,TW0002945003,2945,三商家購,上市,股票,貿易百貨業,2021/11/30,ESVUFR,
506,TW0003002002,3002,歐格,上市,股票,電腦及週邊設備業,2002/1/23,ESVUFR,
507,TW0003003000,3003,健和興,上市,股票,電子零組件業,2002/2/19,ESVUFR,
508,TW0003004008,3004,豐達科,上市,股票,鋼鐵工業,2002/2/25,ESVUFR,
509,TW0003005005,3005,神基,上市,股票,電腦及週邊設備業,2002/2/25,ESVUFR,
510,TW0003006003,3006,晶豪科,上市,股票,半導體業,2002/3/4,ESVUFR,
511,TW0003008009,3008,大立光,上市,股票,光電業,2002/3/11,ESVUFR,
512,TW0003010005,3010,華立,上市,股票,電子通路業,2002/7/22,ESVUFR,
513,TW0003011003,3011,今皓,上市,股票,電子零組件業,2002/7/22,ESVUFR,
514,TW0003013009,3013,晟銘電,上市,股票,電腦及週邊設備業,2002/9/16,ESVUFR,
515,TW0003014007,3014,聯陽,上市,股票,半導體業,2002/10/29,ESVUFR,
516,TW0003015004,3015,全漢,上市,股票,電子零組件業,2002/10/16,ESVUFR,
517,TW0003016002,3016,嘉晶,上市,股票,半導體業,2002/12/24,ESVUFR,
518,TW0003017000,3017,奇鋐,上市,股票,電腦及週邊設備業,2002/9/27,ESVUFR,
519,TW0003018008,3018,隆銘綠能,上市,股票,其他電子業,2002/8/26,ESVUFR,
520,TW0003019006,3019,亞光,上市,股票,光電業,2002/8/26,ESVUFR,
521,TW0003021002,3021,鴻名,上市,股票,電子零組件業,2002/8/26,ESVUFR,
522,TW0003022000,3022,威強電,上市,股票,電腦及週邊設備業,2002/8/26,ESVUFR,
523,TW0003023008,3023,信邦,上市,股票,電子零組件業,2002/8/26,ESVUFR,
524,TW0003024006,3024,憶聲,上市,股票,光電業,2002/8/26,ESVUFR,
525,TW0003025003,3025,星通,上市,股票,通信網路業,2002/8/26,ESVUFR,
526,TW0003026001,3026,禾伸堂,上市,股票,電子零組件業,2002/8/26,ESVUFR,
527,TW0003027009,3027,盛達,上市,股票,通信網路業,2002/8/26,ESVUFR,
528,TW0003028007,3028,增你強,上市,股票,電子通路業,2002/8/26,ESVUFR,
529,TW0003029005,3029,零壹,上市,股票,資訊服務業,2002/8/26,ESVUFR,
530,TW0003030003,3030,德律,上市,股票,其他電子業,2002/10/29,ESVUFR,
531,TW0003031001,3031,佰鴻,上市,股票,光電業,2002/8/26,ESVUFR,
532,TW0003032009,3032,偉訓,上市,股票,電子零組件業,2002/8/26,ESVUFR,
533,TW0003033007,3033,威健,上市,股票,電子通路業,2002/8/26,ESVUFR,
534,TW0003034005,3034,聯詠,上市,股票,半導體業,2002/8/26,ESVUFR,
535,TW0003035002,3035,智原,上市,股票,半導體業,2002/8/26,ESVUFR,
536,TW0003036000,3036,文曄,上市,股票,電子通路業,2002/8/26,ESVUFR,
537,TW0003037008,3037,欣興,上市,股票,電子零組件業,2002/8/26,ESVUFR,
538,TW0003038006,3038,全台,上市,股票,光電業,2002/8/26,ESVUFR,
539,TW0003040002,3040,遠見,上市,股票,其他業,2002/8/26,ESVUFR,
540,TW0003041000,3041,揚智,上市,股票,半導體業,2002/8/26,ESVUFR,
541,TW0003042008,3042,晶技,上市,股票,電子零組件業,2002/8/26,ESVUFR,
542,TW0003043006,3043,科風,上市,股票,其他電子業,2002/8/26,ESVUFR,
543,TW0003044004,3044,健鼎,上市,股票,電子零組件業,2002/8/26,ESVUFR,
544,TW0003045001,3045,台灣大,上市,股票,通信網路業,2002/8/26,ESVUFR,
545,TW0003046009,3046,建碁,上市,股票,電腦及週邊設備業,2002/8/26,ESVUFR,
546,TW0003047007,3047,訊舟,上市,股票,通信網路業,2002/8/26,ESVUFR,
547,TW0003048005,3048,益登,上市,股票,電子通路業,2002/10/1,ESVUFR,
548,TW0003049003,3049,精金,上市,股票,光電業,2002/9/27,ESVUFR,
549,TW0003050001,3050,鈺德,上市,股票,光電業,2002/10/29,ESVUFR,
550,TW0003051009,3051,力特,上市,股票,光電業,2002/10/28,ESVUFR,
551,TW0003052007,3052,夆典,上市,股票,建材營造業,1995/11/25,ESVUFR,
552,TW0003054003,3054,立萬利,上市,股票,食品工業,2002/11/18,ESVUFR,
553,TW0003055000,3055,蔚華科,上市,股票,電子通路業,2002/12/12,ESVUFR,
554,TW0003056008,3056,富華新,上市,股票,建材營造業,2003/3/3,ESVUFR,
555,TW0003057006,3057,喬鼎,上市,股票,電腦及週邊設備業,2002/12/18,ESVUFR,
556,TW0003058004,3058,立德,上市,股票,電子零組件業,2002/12/9,ESVUFR,
557,TW0003059002,3059,華晶科,上市,股票,光電業,2002/12/24,ESVUFR,
558,TW0003060000,3060,銘異,上市,股票,電腦及週邊設備業,2003/4/21,ESVUFR,
559,TW0003062006,3062,建漢,上市,股票,通信網路業,2003/7/28,ESVUFR,
560,TW0003090007,3090,日電貿,上市,股票,電子零組件業,2007/12/31,ESVUFR,
561,TW0003092003,3092,鴻碩,上市,股票,電子零組件業,2021/5/13,ESVUFR,
562,TW0003094009,3094,聯傑,上市,股票,半導體業,2007/8/6,ESVUFR,
563,TW0003130001,3130,一零四,上市,股票,數位雲端,2006/2/17,ESVUFR,
564,TW0003135000,3135,凌航,上市,股票,半導體業,2025/8/6,ESVUFR,
565,TW0003138004,3138,耀登,上市,股票,通信網路業,2020/12/11,ESVUFR,
566,TW0003149001,3149,正達,上市,股票,光電業,2011/11/23,ESVUFR,
567,TW0003164000,3164,景岳,上市,股票,生技醫療業,2010/3/22,ESVUFR,
568,TW0003167003,3167,大量,上市,股票,電機機械,2013/10/21,ESVUFR,
569,TW0003168001,3168,眾福科,上市,股票,光電業,2024/3/26,ESVUFR,
570,TW0003189007,3189,景碩,上市,股票,半導體業,2004/11/1,ESVUFR,
571,TW0003209003,3209,全科,上市,股票,電子通路業,2008/11/26,ESVUFR,
572,TW0003229001,3229,晟鈦,上市,股票,電子零組件業,2009/12/31,ESVUFR,
573,TW0003231007,3231,緯創,上市,股票,電腦及週邊設備業,2003/8/19,ESVUFR,
574,TW0003257002,3257,虹冠電,上市,股票,半導體業,2011/3/21,ESVUFR,
575,TW0003266003,3266,昇陽,上市,股票,建材營造業,2014/12/24,ESVUFR,
576,TW0003296000,3296,勝德,上市,股票,電子零組件業,2007/12/31,ESVUFR,
577,TW0003305009,3305,昇貿,上市,股票,其他電子業,2008/7/10,ESVUFR,
578,TW0003308003,3308,聯德,上市,股票,電子零組件業,2008/3/12,ESVUFR,
579,TW0003311007,3311,閎暉,上市,股票,通信網路業,2004/3/8,ESVUFR,
580,TW0003312005,3312,弘憶股,上市,股票,電子通路業,2010/12/29,ESVUFR,
581,TW0003321006,3321,同泰,上市,股票,電子零組件業,2015/12/15,ESVUFR,
582,TW0003338000,3338,泰碩,上市,股票,電子零組件業,2013/12/13,ESVUFR,
583,TW0003346003,3346,麗清,上市,股票,汽車工業,2016/12/19,ESVUFR,
584,TW0003356002,3356,奇偶,上市,股票,光電業,2005/3/28,ESVUFR,
585,TW0003376000,3376,新日興,上市,股票,電子零組件業,2007/12/31,ESVUFR,
586,TW0003380002,3380,明泰,上市,股票,通信網路業,2004/12/20,ESVUFR,
587,TW0003406005,3406,玉晶光,上市,股票,光電業,2005/12/20,ESVUFR,
588,TW0003413001,3413,京鼎,上市,股票,半導體業,2015/7/28,ESVUFR,
589,TW0003416004,3416,融程電,上市,股票,電腦及週邊設備業,2015/1/23,ESVUFR,
590,TW0003419008,3419,譁裕,上市,股票,通信網路業,2008/1/21,ESVUFR,
591,TW0003432001,3432,台端,上市,股票,電子零組件業,2010/12/30,ESVUFR,
592,TW0003437000,3437,榮創,上市,股票,光電業,2014/7/9,ESVUFR,
593,TW0003443008,3443,創意,上市,股票,半導體業,2006/11/3,ESVUFR,
594,TW0003447009,3447,展達,上市,股票,通信網路業,2022/12/15,ESVUFR,
595,TW0003450003,3450,聯鈞,上市,股票,半導體業,2006/4/12,ESVUFR,
596,TW0003454005,3454,晶睿,上市,股票,光電業,2011/7/22,ESVUFR,
597,TW0003481008,3481,群創,上市,股票,光電業,2006/10/24,ESVUFR,
598,TW0003494001,3494,誠研,上市,股票,電腦及週邊設備業,2007/12/13,ESVUFR,
599,TW0003501003,3501,維熹,上市,股票,電子零組件業,2007/9/20,ESVUFR,
600,TW0003504007,3504,揚明光,上市,股票,光電業,2007/1/26,ESVUFR,
601,TW0003515003,3515,華擎,上市,股票,電腦及週邊設備業,2007/11/8,ESVUFR,
602,TW0003518007,3518,柏騰,上市,股票,其他電子業,2007/11/28,ESVUFR,
603,TW0003528006,3528,安馳,上市,股票,電子通路業,2016/5/18,ESVUFR,
604,TW0003530002,3530,晶相光,上市,股票,半導體業,2018/7/16,ESVUFR,
605,TW0003532008,3532,台勝科,上市,股票,半導體業,2007/12/10,ESVUFR,
606,TW0003533006,3533,嘉澤,上市,股票,電子零組件業,2007/12/10,ESVUFR,
607,TW0003535001,3535,晶彩科,上市,股票,光電業,2008/1/31,ESVUFR,
608,TW0003543005,3543,州巧,上市,股票,光電業,2020/4/15,ESVUFR,
609,TW0003545000,3545,敦泰,上市,股票,半導體業,2007/7/3,ESVUFR,
610,TW0003550000,3550,聯穎,上市,股票,電子零組件業,2010/11/10,ESVUFR,
611,TW0003557005,3557,嘉威,上市,股票,居家生活,2008/2/27,ESVUFR,
612,TW0003563003,3563,牧德,上市,股票,光電業,2019/4/2,ESVUFR,
613,TW0003576005,3576,聯合再生,上市,股票,光電業,2009/1/12,ESVUFR,
614,TW0003583001,3583,辛耘,上市,股票,半導體業,2013/3/12,ESVUFR,
615,TW0003588000,3588,通嘉,上市,股票,半導體業,2009/8/14,ESVUFR,
616,TW0003591004,3591,艾笛森,上市,股票,光電業,2010/11/12,ESVUFR,
617,TW0003592002,3592,瑞鼎,上市,股票,半導體業,2022/1/7,ESVUFR,
618,TW0003593000,3593,力銘,上市,股票,電子零組件業,2009/3/16,ESVUFR,
619,TW0003596003,3596,智易,上市,股票,通信網路業,2009/3/11,ESVUFR,
620,TW0003605002,3605,宏致,上市,股票,電子零組件業,2009/3/26,ESVUFR,
621,TW0003607008,3607,谷崧,上市,股票,電子零組件業,2009/10/28,ESVUFR,
622,TW0003617007,3617,碩天,上市,股票,其他電子業,2009/12/23,ESVUFR,
623,TW0003622007,3622,洋華,上市,股票,光電業,2009/3/25,ESVUFR,
624,TW0003645008,3645,達邁,上市,股票,電子零組件業,2011/10/5,ESVUFR,
625,TW0003652004,3652,精聯,上市,股票,電腦及週邊設備業,2022/9/21,ESVUFR,
626,TW0003653002,3653,健策,上市,股票,電子零組件業,2009/11/18,ESVUFR,
627,KYG022421088,3661,世芯-KY,上市,股票,半導體業,2014/10/28,ESVUFR,
628,KYG114741062,3665,貿聯-KY,上市,股票,其他電子業,2011/4/21,ESVUFR,
629,TW0003669008,3669,圓展,上市,股票,通信網路業,2011/8/25,ESVUFR,
630,KYG898431096,3673,TPK-KY,上市,股票,光電業,2010/10/29,ESVTFR,
631,TW0003679007,3679,新至陞,上市,股票,電子零組件業,2011/10/5,ESVUFR,
632,TW0003686002,3686,達能,上市,股票,半導體業,2010/7/20,ESVUFR,
633,TW0003694006,3694,海華,上市,股票,通信網路業,2011/5/3,ESVUFR,
634,TW0003701009,3701,大眾控,上市,股票,電腦及週邊設備業,2004/8/30,ESVUFR,
635,TW0003702007,3702,大聯大,上市,股票,電子通路業,2005/11/9,ESVUFR,
636,TW0003703005,3703,欣陸,上市,股票,建材營造業,2010/4/8,ESVUFR,
637,TW0003704003,3704,合勤控,上市,股票,通信網路業,2010/8/16,ESVUFR,
638,TW0003705000,3705,永信,上市,股票,生技醫療業,2011/1/3,ESVUFR,
639,TW0003706008,3706,神達,上市,股票,電腦及週邊設備業,2013/9/12,ESVUFR,
640,TW0003708004,3708,上緯投控,上市,股票,綠能環保,2016/8/31,ESVUFR,
641,TW0003711008,3711,日月光投控,上市,股票,半導體業,2018/4/30,ESVUFR,
642,TW0003712006,3712,永崴投控,上市,股票,電腦及週邊設備業,2018/10/1,ESVUFR,
643,TW0003714002,3714,富采,上市,股票,光電業,2021/1/6,ESVUFR,
644,TW0003715009,3715,定穎投控,上市,股票,電子零組件業,2022/8/25,ESVUFR,
645,TW0003716007,3716,中化控股,上市,股票,生技醫療業,2024/9/2,ESVUFR,
646,TW0003717005,3717,聯嘉投控,上市,股票,汽車工業,2018/5/9,ESVUFR,
647,TW0004104005,4104,佳醫,上市,股票,生技醫療業,2007/12/31,ESVUFR,
648,TW0004106000,4106,雃博,上市,股票,生技醫療業,2004/11/8,ESVUFR,
649,TW0004108006,4108,懷特,上市,股票,生技醫療業,2008/7/16,ESVUFR,
650,TW0004119003,4119,旭富,上市,股票,生技醫療業,2004/1/7,ESVUFR,
651,TW0004133004,4133,亞諾法,上市,股票,生技醫療業,2009/12/28,ESVUFR,
652,KYG211641017,4137,麗豐-KY,上市,股票,生技醫療業,2013/11/27,ESVUFR,
653,TW0004142005,4142,國光生,上市,股票,生技醫療業,2012/5/3,ESVUFR,
654,KYG0232P1072,4148,全宇生技-KY,上市,股票,生技醫療業,2017/6/8,ESVUFR,
655,TW0004155007,4155,訊映,上市,股票,生技醫療業,2017/12/5,ESVUFR,
656,TW0004164009,4164,承業醫,上市,股票,生技醫療業,2012/10/24,ESVUFR,
657,KYG518761039,4190,佐登-KY,上市,股票,生技醫療業,2015/10/21,ESVUFR,
658,TW0004306006,4306,炎洲,上市,股票,塑膠工業,2008/1/21,ESVUFR,
659,TW0004414008,4414,如興,上市,股票,紡織纖維,2004/9/6,ESVUFR,
660,TW0004426002,4426,利勤,上市,股票,紡織纖維,2011/12/16,ESVUFR,
661,TW0004438007,4438,廣越,上市,股票,紡織纖維,2016/10/18,ESVUFR,
662,KYG9114F1037,4439,冠星-KY,上市,股票,紡織纖維,2019/12/5,ESVUFR,
663,TW0004440003,4440,宜新實業,上市,股票,紡織纖維,2021/10/25,ESVUFR,
664,TW0004441001,4441,振大環球,上市,股票,紡織纖維,2025/9/9,ESVUFR,
665,TW0004526009,4526,東台,上市,股票,電機機械,2003/9/15,ESVUFR,
666,TW0004532007,4532,瑞智,上市,股票,電機機械,2003/8/4,ESVUFR,
667,TW0004536008,4536,拓凱,上市,股票,運動休閒,2013/10/9,ESVUFR,
668,TW0004540000,4540,全球傳動,上市,股票,電機機械,2018/8/15,ESVUFR,
669,TW0004545009,4545,銘鈺,上市,股票,電子零組件業,2016/1/6,ESVUFR,
670,TW0004551007,4551,智伸科,上市,股票,汽車工業,2015/8/10,ESVUFR,
671,KYG5479W1033,4552,力達-KY,上市,股票,電機機械,2016/7/20,ESVUFR,
672,TW0004555008,4555,氣立,上市,股票,電機機械,2015/10/27,ESVUFR,
673,KYG988461011,4557,永新-KY,上市,股票,汽車工業,2015/10/12,ESVUFR,
674,KYG853531039,4560,強信-KY,上市,股票,電機機械,2017/5/26,ESVUFR,
675,TW0004562004,4562,穎漢,上市,股票,電機機械,2017/8/21,ESVUFR,
676,TW0004564000,4564,元翎,上市,股票,電機機械,2019/3/7,ESVUFR,
677,TW0004566005,4566,時碩工業,上市,股票,電機機械,2018/2/5,ESVUFR,
678,KYG8192T1004,4569,六方科-KY,上市,股票,汽車工業,2023/7/31,ESVUFR,
679,KYG5258M1024,4571,鈞興-KY,上市,股票,電機機械,2019/9/17,ESVUFR,
680,TW0004572003,4572,駐龍,上市,股票,電機機械,2019/9/10,ESVUFR,
681,TW0004576004,4576,大銀微系統,上市,股票,電機機械,2019/9/4,ESVUFR,
682,KYG977291007,4581,光隆精密-KY,上市,股票,汽車工業,2020/3/9,ESVUFR,
683,TW0004583000,4583,台灣精銳,上市,股票,電機機械,2022/5/9,ESVUFR,
684,TW0004585005,4585,達明,上市,股票,其他電子業,2025/9/26,ESVUFR,
685,TW0004588009,4588,玖鼎電力,上市,股票,其他電子業,2024/1/29,ESVUFR,
686,TW0004720008,4720,德淵,上市,股票,化學工業,2015/6/24,ESVUFR,
687,TW0004722004,4722,國精化,上市,股票,化學工業,2012/8/15,ESVUFR,
688,TW0004736004,4736,泰博,上市,股票,生技醫療業,2023/12/22,ESVUFR,
689,TW0004737002,4737,華廣,上市,股票,生技醫療業,2010/12/23,ESVUFR,
690,TW0004739008,4739,康普,上市,股票,化學工業,2017/9/8,ESVUFR,
691,TW0004746003,4746,台耀,上市,股票,生技醫療業,2011/3/1,ESVUFR,
692,TW0004755004,4755,三福化,上市,股票,化學工業,2013/11/27,ESVUFR,
693,KYG5138S1057,4763,材料*-KY,上市,股票,化學工業,2015/11/9,ESVUFR,
694,TW0004764006,4764,雙鍵,上市,股票,化學工業,2018/1/4,ESVUFR,
695,TW0004766001,4766,南寶,上市,股票,化學工業,2018/11/28,ESVUFR,
696,TW0004770003,4770,上品,上市,股票,化學工業,2021/12/22,ESVUFR,
697,TW0004771001,4771,望隼,上市,股票,生技醫療業,2024/3/18,ESVUFR,
698,KYG7473R1065,4807,日成-KY,上市,股票,貿易百貨業,2017/6/26,ESVUFR,
699,TW0004904008,4904,遠傳,上市,股票,通信網路業,2005/8/24,ESVUFR,
700,TW0004906003,4906,正文,上市,股票,通信網路業,2003/6/30,ESVUFR,
701,KYG545091079,4912,聯德控股-KY,上市,股票,電子零組件業,2015/5/21,ESVUFR,
702,TW0004915004,4915,致伸,上市,股票,電子零組件業,2012/10/5,ESVUFR,
703,TW0004916002,4916,事欣科,上市,股票,電腦及週邊設備業,2013/11/21,ESVUFR,
704,TW0004919006,4919,新唐,上市,股票,半導體業,2010/9/27,ESVUFR,
705,KYG0407M1033,4927,泰鼎-KY,上市,股票,電子零組件業,2015/9/8,ESVUFR,
706,TW0004930003,4930,燦星網,上市,股票,電器電纜,2010/6/21,ESVUFR,
707,TW0004934005,4934,太極,上市,股票,光電業,2010/3/10,ESVUFR,
708,KYG3931M1024,4935,茂林-KY,上市,股票,光電業,2011/7/28,ESVUFR,
709,TW0004938006,4938,和碩,上市,股票,電腦及週邊設備業,2010/6/24,ESVUFR,
710,TW0004942008,4942,嘉彰,上市,股票,光電業,2011/6/27,ESVUFR,
711,KYG2346M1033,4943,康控-KY,上市,股票,電子零組件業,2016/11/11,ESVUFR,
712,TW0004949003,4949,有成精密,上市,股票,光電業,2024/5/9,ESVUFR,
713,TW0004952007,4952,凌通,上市,股票,半導體業,2011/11/1,ESVUFR,
714,TW0004956008,4956,光鋐,上市,股票,光電業,2011/10/24,ESVUFR,
715,KYG989221000,4958,臻鼎-KY,上市,股票,電子零組件業,2011/12/26,ESVUFR,
716,TW0004960000,4960,誠美材,上市,股票,光電業,2011/10/24,ESVUFR,
717,TW0004961008,4961,天鈺,上市,股票,半導體業,2018/10/17,ESVUFR,
718,TW0004967005,4967,十銓,上市,股票,半導體業,2019/1/14,ESVUFR,
719,TW0004968003,4968,立積,上市,股票,半導體業,2015/11/13,ESVUFR,
720,TW0004976006,4976,佳凌,上市,股票,光電業,2012/11/20,ESVUFR,
721,KYG6956N1034,4977,眾達-KY,上市,股票,通信網路業,2013/11/20,ESVUFR,
722,TW0004989009,4989,榮科,上市,股票,電子零組件業,2018/6/28,ESVUFR,
723,TW0004994009,4994,傳奇,上市,股票,資訊服務業,2013/12/25,ESVUFR,
724,TW0004999008,4999,鑫禾,上市,股票,電子零組件業,2013/6/3,ESVUFR,
725,TW0005007009,5007,三星,上市,股票,鋼鐵工業,2011/9/16,ESVUFR,
726,TW0005203004,5203,訊連,上市,股票,資訊服務業,2004/9/27,ESVUFR,
727,KYG530791022,5215,科嘉-KY,上市,股票,電腦及週邊設備業,2011/12/26,ESVUFR,
728,TW0005222004,5222,全訊,上市,股票,半導體業,2021/10/25,ESVUFR,
729,KYG291021031,5225,東科-KY,上市,股票,其他電子業,2012/11/5,ESVUFR,
730,TW0005234009,5234,達興材料,上市,股票,光電業,2012/7/16,ESVUFR,
731,KYG312361051,5243,乙盛-KY,上市,股票,光電業,2013/11/25,ESVUFR,
732,TW0005244008,5244,弘凱,上市,股票,光電業,2022/1/19,ESVUFR,
733,TW0005258008,5258,虹堡,上市,股票,電腦及週邊設備業,2016/12/30,ESVUFR,
734,TW0005269005,5269,祥碩,上市,股票,半導體業,2012/12/12,ESVUFR,
735,TW0005283006,5283,禾聯碩,上市,股票,電器電纜,2019/5/24,ESVUFR,
736,KYG521131006,5284,jpp-KY,上市,股票,其他業,2017/3/9,ESVUFR,
737,TW0005285001,5285,界霖,上市,股票,半導體業,2014/2/25,ESVUFR,
738,KYG314551014,5288,豐祥-KY,上市,股票,電機機械,2014/9/25,ESVUFR,
739,TW0005292007,5292,華懋,上市,股票,綠能環保,2020/1/7,ESVUFR,
740,TW0005306005,5306,桂盟,上市,股票,運動休閒,2022/3/8,ESVUFR,
741,TW0005388003,5388,中磊,上市,股票,通信網路業,2007/12/3,ESVUFR,
742,TW0005434005,5434,崇越,上市,股票,電子通路業,2003/8/25,ESVUFR,
743,TW0005469001,5469,瀚宇博,上市,股票,電子零組件業,2003/8/25,ESVUFR,
744,TW0005471007,5471,松翰,上市,股票,半導體業,2003/8/25,ESVUFR,
745,TW0005484000,5484,慧友,上市,股票,光電業,2003/8/25,ESVUFR,
746,TW0005515001,5515,建國,上市,股票,建材營造業,2003/10/6,ESVUFR,
747,TW0005519003,5519,隆大,上市,股票,建材營造業,2014/2/10,ESVUFR,
748,TW0005521009,5521,工信,上市,股票,建材營造業,2012/12/18,ESVUFR,
749,TW0005522007,5522,遠雄,上市,股票,建材營造業,2007/8/6,ESVUFR,
750,TW0005525000,5525,順天,上市,股票,建材營造業,2004/11/26,ESVUFR,
751,TW0005531008,5531,鄉林,上市,股票,建材營造業,2005/1/31,ESVUFR,
752,TW0005533004,5533,皇鼎,上市,股票,建材營造業,2008/4/30,ESVUFR,
753,TW0005534002,5534,長虹,上市,股票,建材營造業,2004/5/24,ESVUFR,
754,KYG8919A1031,5538,東明-KY,上市,股票,鋼鐵工業,2013/12/16,ESVUFR,
755,KYG566541093,5546,永固-KY,上市,股票,建材營造業,2020/5/20,ESVUFR,
756,TW0005607006,5607,遠雄港,上市,股票,航運業,2004/12/2,ESVUFR,
757,TW0005608004,5608,四維航,上市,股票,航運業,2003/8/25,ESVUFR,
758,TW0005706006,5706,鳳凰,上市,股票,觀光餐旅,2011/10/21,ESVUFR,
759,KYG202881093,5871,中租-KY,上市,股票,其他業,2011/12/13,ESVUFR,
760,TW0005876007,5876,上海商銀,上市,股票,金融保險業,2018/10/19,ESVUFR,
761,TW0005880009,5880,合庫金,上市,股票,金融保險業,2011/12/1,ESVUFR,
762,KYG8661M1078,5906,台南-KY,上市,股票,貿易百貨業,2011/10/24,ESVUFR,
763,KYG4064G1029,5907,大洋-KY,上市,股票,貿易百貨業,2012/6/6,ESVUFR,
764,TW0006005002,6005,群益證,上市,股票,金融保險業,2005/11/21,ESVUFR,
765,TW0006024003,6024,群益期,上市,股票,金融保險業,2017/10/16,ESVUFR,
766,TW0006108004,6108,競國,上市,股票,電子零組件業,2008/12/30,ESVUFR,
767,TW0006112006,6112,邁達特,上市,股票,資訊服務業,2003/8/4,ESVUFR,
768,TW0006115009,6115,鎰勝,上市,股票,電子零組件業,2004/7/19,ESVUFR,
769,TW0006116007,6116,彩晶,上市,股票,光電業,2004/9/6,ESVUFR,
770,TW0006117005,6117,迎廣,上市,股票,電腦及週邊設備業,2003/8/25,ESVUFR,
771,TW0006120009,6120,達運,上市,股票,光電業,2006/9/13,ESVUFR,
772,TW0006128002,6128,上福,上市,股票,電腦及週邊設備業,2003/6/16,ESVUFR,
773,TW0006133002,6133,金橋,上市,股票,電子零組件業,2003/8/15,ESVUFR,
774,TW0006136005,6136,富爾特,上市,股票,通信網路業,2003/8/25,ESVUFR,
775,TW0006139009,6139,亞翔,上市,股票,其他電子業,2003/8/25,ESVUFR,
776,TW0006141005,6141,柏承,上市,股票,電子零組件業,2003/10/22,ESVUFR,
777,TW0006142003,6142,友勁,上市,股票,通信網路業,2003/8/4,ESVUFR,
778,TW0006152002,6152,百一,上市,股票,通信網路業,2009/12/8,ESVUFR,
779,TW0006153000,6153,嘉聯益,上市,股票,電子零組件業,2008/1/21,ESVUFR,
780,TW0006155005,6155,鈞寶,上市,股票,電子零組件業,2006/8/18,ESVUFR,
781,TW0006164007,6164,華興,上市,股票,光電業,2008/10/21,ESVUFR,
782,TW0006165004,6165,浪凡,上市,股票,數位雲端,2003/8/4,ESVUFR,
783,TW0006166002,6166,凌華,上市,股票,電腦及週邊設備業,2004/11/8,ESVUFR,
784,TW0006168008,6168,宏齊,上市,股票,光電業,2003/8/25,ESVUFR,
785,TW0006176001,6176,瑞儀,上市,股票,光電業,2007/5/15,ESVUFR,
786,TW0006177009,6177,達麗,上市,股票,建材營造業,2013/8/1,ESVUFR,
787,TW0006183007,6183,關貿,上市,股票,資訊服務業,2011/12/1,ESVUFR,
788,TW0006184005,6184,大豐電,上市,股票,其他業,2005/2/15,ESVUFR,
789,TW0006189004,6189,豐藝,上市,股票,電子通路業,2004/5/24,ESVUFR,
790,TW0006191000,6191,精成科,上市,股票,電子零組件業,2007/10/19,ESVUFR,
791,TW0006192008,6192,巨路,上市,股票,其他電子業,2004/9/27,ESVUFR,
792,TW0006196009,6196,帆宣,上市,股票,其他電子業,2004/5/24,ESVUFR,
793,TW0006197007,6197,佳必琪,上市,股票,電子零組件業,2004/11/8,ESVUFR,
794,TW0006201007,6201,亞弘電,上市,股票,其他電子業,2004/9/27,ESVUFR,
795,TW0006202005,6202,盛群,上市,股票,半導體業,2004/9/27,ESVUFR,
796,TW0006205008,6205,詮欣,上市,股票,電子零組件業,2008/1/21,ESVUFR,
797,TW0006206006,6206,飛捷,上市,股票,電腦及週邊設備業,2004/8/3,ESVUFR,
798,TW0006209000,6209,今國光,上市,股票,光電業,2004/11/8,ESVUFR,
799,TW0006213002,6213,聯茂,上市,股票,電子零組件業,2008/1/21,ESVUFR,
800,TW0006214000,6214,精誠,上市,股票,資訊服務業,2010/12/30,ESVUFR,
801,TW0006215007,6215,和椿,上市,股票,其他電子業,2007/12/31,ESVUFR,
802,TW0006216005,6216,居易,上市,股票,通信網路業,2004/9/27,ESVUFR,
803,TW0006224009,6224,聚鼎,上市,股票,電子零組件業,2009/9/17,ESVUFR,
804,TW0006225006,6225,天瀚,上市,股票,光電業,2004/9/27,ESVUFR,
805,TW0006226004,6226,光鼎,上市,股票,光電業,2008/11/10,ESVUFR,
806,TW0006230006,6230,尼得科超眾,上市,股票,電腦及週邊設備業,2010/9/16,ESVUFR,
807,TW0006235005,6235,華孚,上市,股票,電腦及週邊設備業,2004/8/23,ESVUFR,
808,TW0006239007,6239,力成,上市,股票,半導體業,2004/11/8,ESVUFR,
809,TW0006243009,6243,迅杰,上市,股票,半導體業,2009/12/17,ESVUFR,
810,TW0006257009,6257,矽格,上市,股票,半導體業,2003/8/25,ESVUFR,
811,TW0006269004,6269,台郡,上市,股票,電子零組件業,2003/9/23,ESVUFR,
812,TW0006271000,6271,同欣電,上市,股票,半導體業,2007/11/16,ESVUFR,
813,TW0006272008,6272,驊陞,上市,股票,電子零組件業,2025/12/22,ESVUFR,
814,TW0006277007,6277,宏正,上市,股票,電腦及週邊設備業,2003/10/30,ESVUFR,
815,TW0006278005,6278,台表科,上市,股票,光電業,2010/8/24,ESVUFR,
816,TW0006281009,6281,全國電,上市,股票,電子通路業,2005/12/8,ESVUFR,
817,TW0006282007,6282,康舒,上市,股票,電子零組件業,2003/9/8,ESVUFR,
818,TW0006283005,6283,淳安,上市,股票,其他電子業,2008/1/21,ESVUFR,
819,TW0006285000,6285,啟碁,上市,股票,通信網路業,2003/9/22,ESVUFR,
820,TW0006405004,6405,悅城,上市,股票,光電業,2013/11/28,ESVUFR,
821,TW0006409006,6409,旭隼,上市,股票,其他電子業,2014/3/31,ESVUFR,
822,TW0006412000,6412,群電,上市,股票,電子零組件業,2013/11/8,ESVUFR,
823,TW0006414006,6414,樺漢,上市,股票,電腦及週邊設備業,2014/3/28,ESVUFR,
824,KYG8190F1028,6415,矽力*-KY,上市,股票,半導體業,2013/12/12,ESVUFR,
825,TW0006416001,6416,瑞祺電通,上市,股票,通信網路業,2018/4/16,ESVUFR,
826,TW0006426000,6426,統新,上市,股票,通信網路業,2021/3/24,ESVUFR,
827,KYG532651075,6431,光麗-KY,上市,股票,生技醫療業,2014/12/4,ESVUFR,
828,TW0006438005,6438,迅得,上市,股票,其他電子業,2021/1/19,ESVUFR,
829,TW0006442007,6442,光聖,上市,股票,通信網路業,2015/7/14,ESVUFR,
830,TW0006443005,6443,元晶,上市,股票,光電業,2015/10/1,ESVUFR,
831,TW0006446008,6446,藥華藥,上市,股票,生技醫療業,2024/1/25,ESVUFR,
832,TW0006449002,6449,鈺邦,上市,股票,電子零組件業,2014/12/9,ESVUFR,
833,KYG811801045,6451,訊芯-KY,上市,股票,半導體業,2015/1/26,ESVUFR,
834,KYG3808R1011,6456,GIS-KY,上市,股票,光電業,2015/6/12,ESVUFR,
835,TW0006464001,6464,台數科,上市,股票,其他業,2015/12/16,ESVUFR,
836,TW0006472004,6472,保瑞,上市,股票,生技醫療業,2023/12/19,ESVUFR,
837,TW0006477003,6477,安集,上市,股票,光電業,2016/6/21,ESVUFR,
838,TW0006491004,6491,晶碩,上市,股票,生技醫療業,2019/10/7,ESVUFR,
839,TW0006504004,6504,南六,上市,股票,其他業,2013/5/7,ESVUFR,
840,TW0006505001,6505,台塑化,上市,股票,油電燃氣業,2003/12/26,ESVUFR,
841,TW0006515000,6515,穎崴,上市,股票,半導體業,2021/1/20,ESVUFR,
842,KYG3790U1040,6525,捷敏-KY,上市,股票,半導體業,2016/4/12,ESVUFR,
843,TW0006526007,6526,達發,上市,股票,半導體業,2023/10/19,ESVUFR,
844,TW0006531007,6531,愛普*,上市,股票,半導體業,2016/5/31,ESVUFR,
845,TW0006533003,6533,晶心科,上市,股票,半導體業,2017/3/14,ESVUFR,
846,KYG8676P1037,6541,泰福-KY,上市,股票,生技醫療業,2017/10/26,ESVUFR,
847,KYG7171A1085,6550,北極星藥業-KY,上市,股票,生技醫療業,2022/6/6,ESVUFR,
848,TW0006552003,6552,易華電,上市,股票,半導體業,2017/1/10,ESVUFR,
849,TW0006558000,6558,興能高,上市,股票,其他電子業,2018/12/5,ESVUFR,
850,KYG4712A1013,6573,虹揚-KY,上市,股票,半導體業,2017/9/26,ESVUFR,
851,TW0006579006,6579,研揚,上市,股票,電腦及週邊設備業,2017/8/21,ESVUFR,
852,TW0006581002,6581,鋼聯,上市,股票,綠能環保,2018/1/30,ESVUFR,
853,TW0006582000,6582,申豐,上市,股票,橡膠工業,2017/6/14,ESVUFR,
854,TW0006585003,6585,鼎基,上市,股票,其他業,2022/5/20,ESVUFR,
855,TW0006589005,6589,台康生技,上市,股票,生技醫療業,2025/7/21,ESVUFR,
856,KYG8587R1074,6591,動力-KY,上市,股票,電腦及週邊設備業,2017/12/28,ESVUFR,
857,TW0006592009,6592,和潤企業,上市,股票,其他業,2019/12/9,ESVUFR,
858,KYG0488D1051,6598,ABC-KY,上市,股票,生技醫療業,2020/6/9,ESVUFR,
859,TW0006605009,6605,帝寶,上市,股票,汽車工業,2004/3/17,ESVUFR,
860,TW0006606007,6606,建德工業,上市,股票,電機機械,2023/3/24,ESVUFR,
861,TW0006614001,6614,資拓宏宇,上市,股票,數位雲端,2025/11/25,ESVUFR,
862,TW0006625007,6625,必應,上市,股票,其他業,2018/2/7,ESVUFR,
863,KYG416551045,6641,基士德-KY,上市,股票,綠能環保,2018/9/21,ESVUFR,
864,TW0006655004,6655,科定,上市,股票,其他業,2018/11/28,ESVUFR,
865,TW0006657000,6657,華安,上市,股票,生技醫療業,2023/6/12,ESVUFR,
866,TW0006658008,6658,聯策,上市,股票,其他電子業,2023/11/2,ESVUFR,
867,KYG569831020,6666,羅麗芬-KY,上市,股票,生技醫療業,2018/11/19,ESVUFR,
868,TW0006668007,6668,中揚光,上市,股票,光電業,2018/12/12,ESVUFR,
869,TW0006669005,6669,緯穎,上市,股票,電腦及週邊設備業,2019/3/27,ESVUFR,
870,TW0006670003,6670,復盛應用,上市,股票,運動休閒,2018/12/18,ESVUFR,
871,KYG7806W1033,6671,三能-KY,上市,股票,居家生活,2018/12/11,ESVUFR,
872,KYG9353A1040,6672,騰輝電子-KY,上市,股票,電子零組件業,2019/4/17,ESVUFR,
873,TW0006674005,6674,鋐寶科技,上市,股票,通信網路業,2018/11/28,ESVUFR,
874,TW0006689003,6689,伊雲谷,上市,股票,數位雲端,2022/9/13,ESVUFR,
875,TW0006691009,6691,洋基工程,上市,股票,其他電子業,2022/1/3,ESVUFR,
876,TW0006695000,6695,芯鼎,上市,股票,半導體業,2022/11/4,ESVUFR,
877,TW0006698004,6698,旭暉應材,上市,股票,其他電子業,2019/11/25,ESVUFR,
878,TW0006706005,6706,惠特,上市,股票,光電業,2019/12/19,ESVUFR,
879,TW0006715006,6715,嘉基,上市,股票,電子零組件業,2019/12/12,ESVUFR,
880,TW0006719008,6719,力智,上市,股票,半導體業,2022/1/13,ESVUFR,
881,TW0006722002,6722,輝創,上市,股票,其他電子業,2026/1/16,ESVUFR,
882,TW0006742000,6742,澤米,上市,股票,光電業,2023/12/5,ESVUFR,
883,TW0006743008,6743,安普新,上市,股票,其他電子業,2020/12/14,ESVUFR,
884,TW0006753007,6753,龍德造船,上市,股票,航運業,2023/3/10,ESVUFR,
885,TW0006754005,6754,匯僑設計,上市,股票,居家生活,2020/8/25,ESVUFR,
886,TW0006756000,6756,威鋒電子,上市,股票,半導體業,2020/12/24,ESVUFR,
887,TW0006757008,6757,台灣虎航,上市,股票,航運業,2024/11/29,ESVUFR,
888,KYG8368S1003,6768,志強-KY,上市,股票,運動休閒,2021/4/22,ESVUFR,
889,TW0006770001,6770,力積電,上市,股票,半導體業,2021/12/6,ESVUFR,
890,TW0006776008,6776,展碁國際,上市,股票,電子通路業,2021/3/31,ESVUFR,
891,KYG0097V1086,6781,AES-KY,上市,股票,電子零組件業,2021/3/22,ESVUFR,
892,TW0006782006,6782,視陽,上市,股票,生技醫療業,2022/11/28,ESVUFR,
893,TW0006789001,6789,采鈺,上市,股票,半導體業,2022/6/30,ESVUFR,
894,TW0006790009,6790,永豐實,上市,股票,造紙工業,2021/9/29,ESVUFR,
895,TW0006792005,6792,詠業,上市,股票,通信網路業,2021/12/8,ESVUFR,
896,TW0006794001,6794,向榮生技,上市,股票,生技醫療業,2025/10/16,ESVUFR,
897,TW0006796006,6796,晉弘,上市,股票,生技醫療業,2022/6/1,ESVUFR,
898,TW0006799000,6799,來頡,上市,股票,半導體業,2022/5/12,ESVUFR,
899,TW0006805005,6805,富世達,上市,股票,電子零組件業,2023/11/9,ESVUFR,
900,TW0006806003,6806,森崴能源,上市,股票,綠能環保,2021/11/15,ESVUFR,
901,KYG3425A1013,6807,峰源-KY,上市,股票,居家生活,2022/4/25,ESVUFR,
902,TW0006830003,6830,汎銓,上市,股票,其他電子業,2022/8/31,ESVUFR,
903,TW0006831001,6831,邁科,上市,股票,電腦及週邊設備業,2025/11/25,ESVUFR,
904,TW0006834005,6834,天二科技,上市,股票,電子零組件業,2022/9/1,ESVUFR,
905,TW0006835002,6835,圓裕,上市,股票,電子零組件業,2022/11/10,ESVUFR,
906,TW0006838006,6838,台新藥,上市,股票,生技醫療業,2024/8/13,ESVUFR,
907,TW0006861008,6861,睿生光電,上市,股票,生技醫療業,2023/3/27,ESVUFR,
908,KYG9066C1087,6862,三集瑞-KY,上市,股票,電子零組件業,2024/10/23,ESVUFR,
909,KYG0478A1031,6863,永道-KY,上市,股票,通信網路業,2023/3/21,ESVUFR,
910,TW0006869001,6869,雲豹能源,上市,股票,綠能環保,2024/6/19,ESVUFR,
911,TW0006873003,6873,泓德能源,上市,股票,綠能環保,2024/9/26,ESVUFR,
912,TW0006885007,6885,全福生技,上市,股票,生技醫療業,2024/12/16,ESVUFR,
913,KYG1462B1077,6887,寶綠特-KY,上市,股票,綠能環保,2025/3/10,ESVUFR,
914,KYG5353T1013,6890,來億-KY,上市,股票,運動休閒,2024/6/12,ESVUFR,
915,TW0006901002,6901,鑽石投資,上市,股票,其他業,2023/9/19,ESVUFR,
916,TW0006902000,6902,GOGOLOOK,上市,股票,數位雲端,2025/5/16,ESVUFR,
917,TW0006906001,6906,現觀科,上市,股票,數位雲端,2024/1/15,ESVUFR,
918,TW0006909005,6909,創控,上市,股票,半導體業,2025/5/21,ESVUFR,
919,TW0006914005,6914,阜爾運通,上市,股票,其他業,2024/5/3,ESVUFR,
920,TW0006916000,6916,華凌,上市,股票,光電業,2023/12/5,ESVUFR,
921,TW0006918006,6918,愛派司,上市,股票,生技醫療業,2025/6/10,ESVUFR,
922,TW0006919004,6919,康霈*,上市,股票,生技醫療業,2024/10/2,ESVUFR,
923,TW0006923006,6923,中台,上市,股票,綠能環保,2024/9/25,ESVUFR,
924,TW0006928005,6928,攸泰科技,上市,股票,電腦及週邊設備業,2024/5/16,ESVUFR,
925,TW0006931009,6931,青松健康,上市,股票,生技醫療業,2025/1/15,ESVUFR,
926,KYG0249M1050,6933,AMAX-KY,上市,股票,電腦及週邊設備業,2023/11/8,ESVUFR,
927,TW0006934003,6934,心誠鎂,上市,股票,生技醫療業,2026/2/2,ESVUFR,
928,TW0006936008,6936,永鴻生技,上市,股票,生技醫療業,2025/4/28,ESVUFR,
929,TW0006937006,6937,天虹,上市,股票,半導體業,2023/12/12,ESVUFR,
930,TW0006944002,6944,兆聯實業,上市,股票,綠能環保,2025/5/28,ESVUFR,
931,TW0006952005,6952,大武山,上市,股票,其他業,2024/6/13,ESVUFR,
932,KYG4631S1003,6957,裕慶-KY,上市,股票,其他業,2024/6/25,ESVUFR,
933,TW0006958002,6958,日盛台駿,上市,股票,其他業,2024/8/20,ESVUFR,
934,KYG4977T1004,6962,奕力-KY,上市,股票,半導體業,2024/11/26,ESVUFR,
935,KYG2124U1031,6965,中傑-KY,上市,股票,運動休閒,2025/3/7,ESVUFR,
936,TW0006994007,6994,富威電力,上市,股票,綠能環保,2025/1/15,ESVUFR,
937,TW0007705006,7705,三商餐飲,上市,股票,觀光餐旅,2024/11/26,ESVUFR,
938,TW0007711004,7711,永擎,上市,股票,電腦及週邊設備業,2025/11/19,ESVUFR,
939,TW0007721003,7721,微程式,上市,股票,數位雲端,2025/7/29,ESVUFR,
940,TW0007722001,7722,LINEPAY,上市,股票,數位雲端,2024/12/5,ESVUFR,
941,TW0007732000,7732,金興精密,上市,股票,汽車工業,2025/1/14,ESVUFR,
942,TW0007736001,7736,虎山,上市,股票,汽車工業,2025/3/18,ESVUFR,
943,KYG4R4EN1020,7749,意騰-KY,上市,股票,半導體業,2025/6/13,ESVUFR,
944,TW0007750002,7750,新代,上市,股票,電機機械,2025/9/17,ESVUFR,
945,TW0007765000,7765,中華資安,上市,股票,數位雲端,2025/9/8,ESVUFR,
946,TW0007769002,7769,鴻勁,上市,股票,半導體業,2025/11/27,ESVUFR,
947,TW0007780009,7780,大研生醫*,上市,股票,食品工業,2026/1/19,ESVUFR,
948,TW0007786006,7786,東方風能,上市,股票,綠能環保,2025/11/18,ESVUFR,
949,TW0007788002,7788,松川精密,上市,股票,電子零組件業,2025/10/16,ESVUFR,
950,TW0007791006,7791,皇家可口,上市,股票,食品工業,2025/10/28,ESVUFR,
951,TW0007795007,7795,長廣,上市,股票,電子零組件業,2026/1/16,ESVUFR,
952,TW0007799009,7799,禾榮科,上市,股票,生技醫療業,2025/9/15,ESVUFR,
953,TW0008011008,8011,台通,上市,股票,通信網路業,2011/9/19,ESVUFR,
954,TW0008016007,8016,矽創,上市,股票,半導體業,2003/12/25,ESVUFR,
955,TW0008021007,8021,尖點,上市,股票,其他電子業,2008/1/21,ESVUFR,
956,TW0008028002,8028,昇陽半導體,上市,股票,半導體業,2018/7/10,ESVUFR,
957,TW0008033002,8033,雷虎,上市,股票,其他業,2007/6/21,ESVUFR,
958,TW0008039009,8039,台虹,上市,股票,電子零組件業,2009/12/17,ESVUFR,
959,TW0008045006,8045,達運光電,上市,股票,通信網路業,2024/12/11,ESVUFR,
960,TW0008046004,8046,南電,上市,股票,電子零組件業,2006/4/7,ESVUFR,
961,TW0008070004,8070,長華*,上市,股票,電子通路業,2007/12/31,ESVUFR,
962,TW0008072000,8072,陞泰,上市,股票,電子通路業,2005/8/19,ESVUFR,
963,TW0008081001,8081,致新,上市,股票,半導體業,2008/12/30,ESVUFR,
964,TW0008101007,8101,華冠,上市,股票,通信網路業,2004/7/1,ESVUFR,
965,TW0008103003,8103,瀚荃,上市,股票,電子零組件業,2009/9/29,ESVUFR,
966,TW0008104001,8104,錸寶,上市,股票,光電業,2019/1/17,ESVUFR,
967,TW0008105008,8105,凌巨,上市,股票,光電業,2006/12/27,ESVUFR,
968,TW0008110008,8110,華東,上市,股票,半導體業,2007/10/31,ESVUFR,
969,TW0008112004,8112,至上,上市,股票,電子通路業,2007/12/31,ESVUFR,
970,TW0008114000,8114,振樺電,上市,股票,電腦及週邊設備業,2012/11/26,ESVUFR,
971,TW0008131004,8131,福懋科,上市,股票,半導體業,2007/11/29,ESVUFR,
972,TW0008150004,8150,南茂,上市,股票,半導體業,2014/4/11,ESVUFR,
973,TW0008163007,8163,達方,上市,股票,電腦及週邊設備業,2007/11/28,ESVUFR,
974,TW0008201005,8201,無敵,上市,股票,其他電子業,2007/10/29,ESVUFR,
975,TW0008210006,8210,勤誠,上市,股票,電腦及週邊設備業,2011/12/1,ESVUFR,
976,TW0008213000,8213,志超,上市,股票,電子零組件業,2009/12/25,ESVUFR,
977,TW0008215005,8215,明基材,上市,股票,光電業,2010/11/12,ESVUFR,
978,TW0008222001,8222,寶一,上市,股票,電機機械,2015/1/27,ESVUFR,
979,TW0008249004,8249,菱光,上市,股票,電子零組件業,2005/5/17,ESVUFR,
980,TW0008261009,8261,富鼎,上市,股票,半導體業,2009/12/11,ESVUFR,
981,TW0008271008,8271,宇瞻,上市,股票,半導體業,2010/12/29,ESVUFR,
982,TW0008341009,8341,日友,上市,股票,綠能環保,2015/3/23,ESVUFR,
983,TW0008367004,8367,建新國際,上市,股票,航運業,2018/9/12,ESVUFR,
984,TW0008374000,8374,羅昇,上市,股票,電機機械,2008/12/25,ESVUFR,
985,KYG684631016,8404,百和興業-KY,上市,股票,其他業,2011/5/18,ESVUFR,
986,KYG525911072,8411,福貞-KY,上市,股票,其他業,2011/11/1,ESVUFR,
987,TW0008422007,8422,可寧衛*,上市,股票,綠能環保,2011/10/5,ESVUFR,
988,KYG513871015,8429,金麗-KY,上市,股票,貿易百貨業,2012/12/20,ESVUFR,
989,TW0008438003,8438,昶昕,上市,股票,綠能環保,2022/3/11,ESVUFR,
990,KYG981151015,8442,威宏-KY,上市,股票,其他業,2016/11/8,ESVUFR,
991,TW0008443003,8443,阿瘦,上市,股票,貿易百貨業,2014/9/15,ESVUFR,
992,TW0008454000,8454,富邦媒,上市,股票,數位雲端,2014/12/19,ESVUFR,
993,TW0008462003,8462,柏文,上市,股票,運動休閒,2019/3/15,ESVUFR,
994,TW0008463001,8463,潤泰材,上市,股票,其他業,2015/7/13,ESVUFR,
995,TW0008464009,8464,億豐,上市,股票,居家生活,2015/12/22,ESVUFR,
996,KYG332481087,8466,美吉吉-KY,上市,股票,其他業,2016/11/1,ESVUFR,
997,KYG144971044,8467,波力-KY,上市,股票,運動休閒,2015/12/15,ESVUFR,
998,TW0008473000,8473,山林水,上市,股票,綠能環保,2016/9/8,ESVUFR,
999,TW0008476003,8476,台境*,上市,股票,綠能環保,2023/10/31,ESVUFR,
1000,TW0008478009,8478,東哥遊艇,上市,股票,運動休閒,2017/12/11,ESVUFR,
1001,TW0008481003,8481,政伸,上市,股票,其他業,2017/2/24,ESVUFR,
1002,KYG806341015,8482,商億-KY,上市,股票,居家生活,2018/8/15,ESVUFR,
1003,KYG5140K1085,8488,吉源-KY,上市,股票,其他業,2016/12/13,ESVUFR,
1004,KYG8923R1002,8499,鼎炫-KY,上市,股票,其他電子業,2017/11/24,ESVUFR,
1005,TW0008926007,8926,台汽電,上市,股票,油電燃氣業,2003/8/25,ESVUFR,
1006,TW0008940008,8940,新天地,上市,股票,觀光餐旅,2009/5/15,ESVUFR,
1007,TW0008996000,8996,高力,上市,股票,電機機械,2014/2/14,ESVUFR,
1008,KYG368891068,9802,鈺齊-KY,上市,股票,運動休閒,2012/10/18,ESVUFR,
1009,TW0009902007,9902,台火,上市,股票,其他業,1964/7/14,ESVUFR,
1010,TW0009904003,9904,寶成,上市,股票,運動休閒,1990/1/19,ESVUFR,
1011,TW0009905000,9905,大華,上市,股票,其他業,1990/8/8,ESVUFR,
1012,TW0009906008,9906,欣巴巴,上市,股票,建材營造業,1990/12/15,ESVUFR,
1013,TW0009907006,9907,統一實,上市,股票,其他業,1991/1/29,ESVUFR,
1014,TW0009908004,9908,大台北,上市,股票,油電燃氣業,1991/2/6,ESVUFR,
1015,TW0009910000,9910,豐泰,上市,股票,運動休閒,1992/2/18,ESVUFR,
1016,TW0009911008,9911,櫻花,上市,股票,居家生活,1992/7/16,ESVUFR,
1017,TW0009912006,9912,偉聯,上市,股票,電腦及週邊設備業,1992/8/8,ESVUFR,
1018,TW0009914002,9914,美利達,上市,股票,運動休閒,1992/9/30,ESVUFR,
1019,TW0009917005,9917,中保科,上市,股票,其他業,1993/12/8,ESVUFR,
1020,TW0009918003,9918,欣天然,上市,股票,油電燃氣業,1994/4/26,ESVUFR,
1021,TW0009919001,9919,康那香,上市,股票,其他業,1994/11/4,ESVUFR,
1022,TW0009921007,9921,巨大,上市,股票,運動休閒,1994/12/29,ESVUFR,
1023,TW0009924001,9924,福興,上市,股票,居家生活,1995/3/15,ESVUFR,
1024,TW0009925008,9925,新保,上市,股票,其他業,1995/12/9,ESVUFR,
1025,TW0009926006,9926,新海,上市,股票,油電燃氣業,1998/4/8,ESVUFR,
1026,TW0009927004,9927,泰銘,上市,股票,其他業,1999/3/12,ESVUFR,
1027,TW0009928002,9928,中視,上市,股票,其他業,1999/8/9,ESVUFR,
1028,TW0009929000,9929,秋雨,上市,股票,其他業,1999/6/28,ESVUFR,
1029,TW0009930008,9930,中聯資源,上市,股票,綠能環保,1999/11/22,ESVUFR,
1030,TW0009931006,9931,欣高,上市,股票,油電燃氣業,2000/3/21,ESVUFR,
1031,TW0009933002,9933,中鼎,上市,股票,其他業,1993/5/28,ESVUFR,
1032,TW0009934000,9934,成霖,上市,股票,居家生活,2000/9/11,ESVUFR,
1033,TW0009935007,9935,慶豐富,上市,股票,居家生活,2000/9/11,ESVUFR,
1034,TW0009937003,9937,全國,上市,股票,油電燃氣業,2000/9/11,ESVUFR,
1035,TW0009938001,9938,百和,上市,股票,其他業,2001/1/12,ESVUFR,
1036,TW0009939009,9939,宏全,上市,股票,其他業,2001/3/2,ESVUFR,
1037,TW0009940007,9940,信義,上市,股票,其他業,2001/9/17,ESVUFR,
1038,TW0009941005,9941,裕融,上市,股票,其他業,2001/9/17,ESVUFR,
1039,TW0009942003,9942,茂順,上市,股票,其他業,2002/1/28,ESVUFR,
1040,TW0009943001,9943,好樂迪,上市,股票,觀光餐旅,2002/8/26,ESVUFR,
1041,TW0009944009,9944,新麗,上市,股票,其他業,2002/8/26,ESVUFR,
1042,TW0009945006,9945,潤泰新,上市,股票,其他業,1992/4/30,ESVUFR,
1043,TW0009946004,9946,三發地產,上市,股票,建材營造業,2013/9/17,ESVUFR,
1044,TW0009955005,9955,佳龍,上市,股票,綠能環保,2008/1/21,ESVUFR,
1045,TW0009958009,9958,世紀鋼,上市,股票,鋼鐵工業,2008/3/12,ESVUFR,
1,TW0000050004,0050,元大台灣50,上市,ETF,,2003/6/30,CEOGEU,
2,TW0000051002,0051,元大中型100,上市,ETF,,2006/8/31,CEOGEU,
3,TW0000052000,0052,富邦科技,上市,ETF,,2006/9/12,CEOGEU,
4,TW0000053008,0053,元大電子,上市,ETF,,2007/7/16,CEOGEU,
5,TW0000055003,0055,元大MSCI金融,上市,ETF,,2007/7/16,CEOGEU,
6,TW0000056001,0056,元大高股息,上市,ETF,,2007/12/26,CEOGEU,
7,TW0000057009,0057,富邦摩台,上市,ETF,,2008/2/27,CEOGEU,
8,TW0000061001,0061,元大寶滬深,上市,ETF,,2009/8/17,CEOGEU,
9,TW0000062033,006203,元大MSCI台灣,上市,ETF,,2011/5/12,CEOGEU,
10,TW0000062041,006204,永豐臺灣加權,上市,ETF,,2011/9/28,CEOGEU,
11,TW0000062058,006205,富邦上証,上市,ETF,,2011/9/26,CEOGEU,
12,TW0000062066,006206,元大上證50,上市,ETF,,2012/5/11,CEOGEU,
13,TW0000062074,006207,復華滬深,上市,ETF,,2012/6/22,CEOGEU,
14,TW0000062082,006208,富邦台50,上市,ETF,,2012/7/17,CEOGEU,
15,TW00000625K4,00625K,富邦上証+R,上市,ETF,,2016/8/8,CEOGEU,
16,TW00000631L0,00631L,元大台灣50正2,上市,ETF,,2014/10/31,CEOGDU,
17,TW00000632R5,00632R,元大台灣50反1,上市,ETF,,2014/10/31,CEOGDU,
18,TW00000633L6,00633L,富邦上証正2,上市,ETF,,2014/11/25,CEOGDU,
19,TW00000634R1,00634R,富邦上証反1,上市,ETF,,2014/11/25,CEOGDU,
20,TW00000635U2,00635U,期元大S&P黃金,上市,ETF,,2015/4/15,CEOGDU,
21,TW0000063601,00636,國泰中國A50,上市,ETF,,2015/4/1,CEOGEU,
22,TW00000636K1,00636K,國泰中國A50+U,上市,ETF,,2017/10/24,CEOGEU,
23,TW00000637L7,00637L,元大滬深300正2,上市,ETF,,2015/5/18,CEOGDU,
24,TW00000638R2,00638R,元大滬深300反1,上市,ETF,,2015/5/18,CEOGDU,
25,TW0000063908,00639,富邦深100,上市,ETF,,2015/6/9,CEOGEU,
26,TW00000640L1,00640L,富邦日本正2,上市,ETF,,2015/9/10,CEOGDU,
27,TW00000641R6,00641R,富邦日本反1,上市,ETF,,2015/9/10,CEOGDU,
28,TW00000642U8,00642U,期元大S&P石油,上市,ETF,,2015/9/7,CEOGDU,
29,TW0000064302,00643,群益深証中小,上市,ETF,,2015/12/2,CEOGEU,
30,TW00000643K7,00643K,群益深証中小+R,上市,ETF,,2016/8/26,CEOGEU,
31,TW0000064500,00645,富邦日本,上市,ETF,,2015/11/6,CEOGEU,
32,TW0000064609,00646,元大S&P500,上市,ETF,,2015/12/14,CEOGEU,
33,TW00000647L6,00647L,元大S&P500正2,上市,ETF,,2015/12/14,CEOGDU,
34,TW00000648R1,00648R,元大S&P500反1,上市,ETF,,2015/12/14,CEOGDU,
35,TW00000650L0,00650L,復華香港正2,上市,ETF,,2016/1/27,CEOGDU,
36,TW00000651R5,00651R,復華香港反1,上市,ETF,,2016/1/27,CEOGDU,
37,TW0000065200,00652,富邦印度,上市,ETF,,2016/3/29,CEOGEU,
38,TW00000653L4,00653L,富邦印度正2,上市,ETF,,2016/3/29,CEOGEU,
39,TW00000654R9,00654R,富邦印度反1,上市,ETF,,2016/3/29,CEOGEU,
40,TW00000655L9,00655L,國泰中國A50正2,上市,ETF,,2016/3/18,CEOGDU,
41,TW00000656R4,00656R,國泰中國A50反1,上市,ETF,,2016/3/18,CEOGDU,
42,TW0000065705,00657,國泰日經225,上市,ETF,,2016/5/9,CEOGEU,
43,TW00000657K7,00657K,國泰日經225+U,上市,ETF,,2017/10/24,CEOGEU,
44,TW0000066000,00660,元大歐洲50,上市,ETF,,2016/7/15,CEOGEU,
45,TW0000066109,00661,元大日經225,上市,ETF,,2016/7/15,CEOGEU,
46,TW0000066208,00662,富邦NASDAQ,上市,ETF,,2016/6/24,CEOGEU,
47,TW00000663L3,00663L,國泰臺灣加權正2,上市,ETF,,2016/7/14,CEOGDU,
48,TW00000664R8,00664R,國泰臺灣加權反1,上市,ETF,,2016/7/14,CEOGDU,
49,TW00000665L8,00665L,富邦恒生國企正2,上市,ETF,,2016/8/5,CEOGDU,
50,TW00000666R3,00666R,富邦恒生國企反1,上市,ETF,,2016/8/5,CEOGDU,
51,TW0000066802,00668,國泰美國道瓊,上市,ETF,,2016/10/17,CEOGEU,
52,TW00000668K4,00668K,國泰美國道瓊+U,上市,ETF,,2017/10/24,CEOGEU,
53,TW00000669R7,00669R,國泰美國道瓊反1,上市,ETF,,2016/10/17,CEOGEU,
54,TW00000670L8,00670L,富邦NASDAQ正2,上市,ETF,,2017/2/21,CEOGDU,
55,TW00000671R3,00671R,富邦NASDAQ反1,上市,ETF,,2017/2/21,CEOGDU,
56,TW00000673R9,00673R,期元大S&P原油反1,上市,ETF,,2016/10/7,CEOGDU,
57,TW00000674R7,00674R,期元大S&P黃金反1,上市,ETF,,2016/10/7,CEOGDU,
58,TW00000675L7,00675L,富邦臺灣加權正2,上市,ETF,,2016/10/5,CEOGDU,
59,TW00000676R2,00676R,富邦臺灣加權反1,上市,ETF,,2016/10/5,CEOGDU,
60,TW0000067800,00678,群益那斯達克生技,上市,ETF,,2017/1/9,CEOGEU,
61,TW00000680L7,00680L,元大美債20正2,上市,ETF,,2017/1/17,CEOGDU,
62,TW00000681R2,00681R,元大美債20反1,上市,ETF,,2017/1/17,CEOGDU,
63,TW00000682U4,00682U,期元大美元指數,上市,ETF,,2017/3/14,CEOGMU,
64,TW00000683L1,00683L,期元大美元指正2,上市,ETF,,2017/3/14,CEOGMU,
65,TW00000684R6,00684R,期元大美元指反1,上市,ETF,,2017/3/14,CEOGMU,
66,TW00000685L6,00685L,群益臺灣加權正2,上市,ETF,,2017/3/30,CEOGEU,
67,TW00000686R1,00686R,群益臺灣加權反1,上市,ETF,,2017/3/30,CEOGEU,
68,TW00000688L0,00688L,國泰20年美債正2,上市,ETF,,2017/4/13,CEOGBU,
69,TW00000689R5,00689R,國泰20年美債反1,上市,ETF,,2017/4/13,CEOGBU,
70,TW0000069004,00690,兆豐藍籌30,上市,ETF,,2017/3/31,CEOGEU,
71,TW0000069202,00692,富邦公司治理,上市,ETF,,2017/5/17,CEOGEU,
72,TW00000693U1,00693U,期街口S&P黃豆,上市,ETF,,2017/4/25,CEOGCU,
73,TW0000070002,00700,富邦恒生國企,上市,ETF,,2017/7/21,CEOGEU,
74,TW0000070101,00701,國泰股利精選30,上市,ETF,,2017/8/17,CEOJEU,
75,TW0000070200,00702,國泰標普低波高息,上市,ETF,,2017/8/17,CEOJEU,
76,TW0000070309,00703,台新MSCI中國,上市,ETF,,2017/8/10,CEOGEU,
77,TW00000706L0,00706L,期元大S&P日圓正2,上市,ETF,,2017/9/1,CEOGDU,
78,TW00000707R5,00707R,期元大S&P日圓反1,上市,ETF,,2017/9/1,CEOGDU,
79,TW00000708L6,00708L,期元大S&P黃金正2,上市,ETF,,2017/9/1,CEOGDU,
80,TW0000070903,00709,富邦歐洲,上市,ETF,,2017/8/15,CEOGEU,
81,TW00000710B3,00710B,復華彭博非投等債,上市,ETF,,2017/8/21,CEOIBU,
82,TW00000711B1,00711B,復華彭博新興債,上市,ETF,,2017/8/21,CEOIBU,
83,TW0000071208,00712,復華富時不動產,上市,ETF,,2017/8/21,CEOIEU,
84,TW0000071307,00713,元大台灣高息低波,上市,ETF,,2017/9/27,CEOJEU,
85,TW0000071406,00714,群益道瓊美國地產,上市,ETF,,2017/10/27,CEOIRU,
86,TW00000715L1,00715L,期街口S&P布蘭特油正2,上市,ETF,,2017/11/16,CEOGDU,
87,TW0000071703,00717,富邦美國特別股,上市,ETF,,2017/11/29,CEOIEU,
88,TW0000072800,00728,第一金工業30,上市,ETF,,2018/4/18,CEOGEU,
89,TW0000073006,00730,富邦臺灣優質高息,上市,ETF,,2018/2/8,CEOIEU,
90,TW0000073105,00731,復華富時高息低波,上市,ETF,,2018/4/20,CEOIEU,
91,TW0000073303,00733,富邦臺灣中小,上市,ETF,,2018/5/17,CEOIEU,
92,TW0000073501,00735,國泰臺韓科技,上市,ETF,,2018/6/11,CEOJEU,
93,TW0000073600,00736,國泰新興市場,上市,ETF,,2018/6/11,CEOJEU,
94,TW0000073709,00737,國泰AI機器人,上市,ETF,,2018/6/11,CEOGEU,
95,TW00000738U4,00738U,期元大道瓊白銀,上市,ETF,,2018/6/1,CEOGCU,
96,TW0000073907,00739,元大MSCI A股,上市,ETF,,2018/6/27,CEOJEU,
97,TW0000075209,00752,中信中國50,上市,ETF,,2018/10/31,CEOGEU,
98,TW00000753L2,00753L,中信中國50正2,上市,ETF,,2018/10/31,CEOGEU,
99,TW0000075704,00757,統一FANG+,上市,ETF,,2018/12/6,CEOGEU,
100,TW0000076207,00762,元大全球AI,上市,ETF,,2019/1/23,CEOJEU,
101,TW00000763U2,00763U,期街口道瓊銅,上市,ETF,,2018/12/19,CEOGDU,
102,TW0000077007,00770,國泰北美科技,上市,ETF,,2019/1/29,CEOJEU,
103,TW0000077106,00771,元大US高息特別股,上市,ETF,,2019/5/16,CEOJEU,
104,TW00000775B6,00775B,新光投等債15+,上市,ETF,,2019/2/15,CEOIBU,
105,TW0000078302,00783,富邦中証500,上市,ETF,,2019/3/27,CEOGEU,
106,TW0000083005,00830,國泰費城半導體,上市,ETF,,2019/5/3,CEOJEU,
107,TW0000085000,00850,元大臺灣ESG永續,上市,ETF,,2019/8/23,CEOIEU,
108,TW0000085109,00851,台新全球AI,上市,ETF,,2019/8/12,CEOIEU,
109,TW00000852L2,00852L,國泰美國道瓊正2,上市,ETF,,2019/8/22,CEOJLU,
110,TW0000086107,00861,元大全球未來通訊,上市,ETF,,2019/11/19,CEOJEU,
111,TW00000865B5,00865B,國泰US短期公債,上市,ETF,,2019/11/25,CEOGBU,
112,TW0000087501,00875,國泰網路資安,上市,ETF,,2020/3/30,CEOGEU,
113,TW0000087600,00876,元大全球5G,上市,ETF,,2020/7/7,CEOJEU,
114,TW0000087808,00878,國泰永續高股息,上市,ETF,,2020/7/20,CEOJEU,
115,TW0000088103,00881,國泰台灣科技龍頭,上市,ETF,,2020/12/10,CEOJEU,
116,TW0000088202,00882,中信中國高股息,上市,ETF,,2021/2/4,CEOIEU,
117,TW0000088509,00885,富邦越南,上市,ETF,,2021/4/19,CEOGEU,
118,TW0000089101,00891,中信關鍵半導體,上市,ETF,,2021/5/28,CEOIEU,
119,TW0000089200,00892,富邦台灣半導體,上市,ETF,,2021/6/10,CEOIEU,
120,TW0000089309,00893,國泰智能電動車,上市,ETF,,2021/7/1,CEOGEU,
121,TW0000089408,00894,中信小資高價30,上市,ETF,,2021/8/13,CEOIEU,
122,TW0000089507,00895,富邦未來車,上市,ETF,,2021/8/12,CEOGEU,
123,TW0000089606,00896,中信綠能及電動車,上市,ETF,,2021/9/16,CEOIEU,
124,TW0000089705,00897,富邦基因免疫生技,上市,ETF,,2021/10/4,CEOGEU,
125,TW0000089804,00898,國泰基因免疫革命,上市,ETF,,2021/11/22,CEOGEU,
126,TW0000089903,00899,FT潔淨能源,上市,ETF,,2022/1/21,CEOGEU,
127,TW0000090000,00900,富邦特選高股息30,上市,ETF,,2021/12/22,CEOIEU,
128,TW0000090109,00901,永豐智能車供應鏈,上市,ETF,,2021/12/15,CEOIEU,
129,TW0000090208,00902,中信電池及儲能,上市,ETF,,2022/1/25,CEOIEU,
130,TW0000090307,00903,富邦元宇宙,上市,ETF,,2022/1/24,CEOIEU,
131,TW0000090406,00904,新光臺灣半導體30,上市,ETF,,2022/3/7,CEOIEU,
132,TW0000090505,00905,FT臺灣SMART,上市,ETF,,2022/4/21,CEOIEU,
133,TW0000090703,00907,永豐優息存股,上市,ETF,,2022/5/24,CEOIEU,
134,TW0000090802,00908,富邦入息REITs+,上市,ETF,,2022/5/20,CEOIEU,
135,TW0000090901,00909,國泰數位支付服務,上市,ETF,,2022/7/13,CEOGEU,
136,TW0000091008,00910,第一金太空衛星,上市,ETF,,2022/7/20,CEOGEU,
137,TW0000091107,00911,兆豐洲際半導體,上市,ETF,,2022/6/27,CEOGEU,
138,TW0000091206,00912,中信臺灣智慧50,上市,ETF,,2022/6/29,CEOIEU,
139,TW0000091305,00913,兆豐台灣晶圓製造,上市,ETF,,2022/8/8,CEOGEU,
140,TW0000091503,00915,凱基優選高股息30,上市,ETF,,2022/8/9,CEOIEU,
141,TW0000091602,00916,國泰全球品牌50,上市,ETF,,2022/9/26,CEOJEU,
142,TW0000091701,00917,中信特選金融,上市,ETF,,2022/8/26,CEOIEU,
143,TW0000091800,00918,大華優利高填息30,上市,ETF,,2022/11/24,CEOGEU,
144,TW0000091909,00919,群益台灣精選高息,上市,ETF,,2022/10/20,CEOIEU,
145,TW0000092006,00920,富邦ESG綠色電力,上市,ETF,,2022/10/20,CEOIEU,
146,TW0000092105,00921,兆豐龍頭等權重,上市,ETF,,2023/1/13,CEOGEU,
147,TW0000092204,00922,國泰台灣領袖50,上市,ETF,,2023/3/27,CEOJEU,
148,TW0000092303,00923,群益台ESG低碳50,上市,ETF,,2023/3/8,CEOIEU,
149,TW0000092402,00924,復華S&P500成長,上市,ETF,,2023/4/26,CEOGEU,
150,TW0000092600,00926,凱基全球菁英55,上市,ETF,,2023/6/2,CEOIEU,
151,TW0000092709,00927,群益半導體收益,上市,ETF,,2023/6/6,CEOIEU,
152,TW0000092907,00929,復華台灣科技優息,上市,ETF,,2023/6/9,CEOIEU,
153,TW0000093004,00930,永豐ESG低碳高息,上市,ETF,,2023/7/13,CEOIEU,
154,TW0000093202,00932,兆豐永續高息等權,上市,ETF,,2023/9/1,CEOGEU,
155,TW0000093400,00934,中信成長高股息,上市,ETF,,2023/11/1,CEOIEU,
156,TW0000093509,00935,野村臺灣新科技50,上市,ETF,,2023/11/1,CEOIEU,
157,TW0000093608,00936,台新永續高息中小,上市,ETF,,2023/11/8,CEOIEU,
158,TW0000093806,00938,凱基優選30,上市,ETF,,2024/10/23,CEOIEU,
159,TW0000093905,00939,統一台灣高息動能,上市,ETF,,2024/3/20,CEOIEU,
160,TW0000094002,00940,元大台灣價值高息,上市,ETF,,2024/4/1,CEOIEU,
161,TW0000094101,00941,中信上游半導體,上市,ETF,,2024/3/15,CEOIEU,
162,TW0000094309,00943,兆豐電子高息等權,上市,ETF,,2024/5/20,CEOGEU,
163,TW0000094408,00944,野村趨勢動能高息,上市,ETF,,2024/5/9,CEOIEU,
164,TW00000945B5,00945B,凱基美國非投等債,上市,ETF,,2024/5/2,CEOIBU,
165,TW0000094606,00946,群益科技高息成長,上市,ETF,,2024/5/9,CEOIEU,
166,TW0000094705,00947,台新臺灣IC設計,上市,ETF,,2024/6/12,CEOIEU,
167,TW0000094903,00949,復華日本龍頭,上市,ETF,,2024/7/1,CEOIEU,
168,TW0000095108,00951,台新日本半導體,上市,ETF,,2024/7/25,CEOIEU,
169,TW0000095207,00952,凱基台灣AI50,上市,ETF,,2024/9/5,CEOIEU,
170,TW00000953B9,00953B,群益優選非投等債,上市,ETF,,2024/8/21,CEOIBU,
171,TW0000095405,00954,中信日本半導體,上市,ETF,,2024/8/20,CEOIEU,
172,TW0000095603,00956,中信日經高股息,上市,ETF,,2024/8/20,CEOIEU,
173,TW0000096007,00960,野村全球航運龍頭,上市,ETF,,2024/9/20,CEOIEU,
174,TW0000096106,00961,FT臺灣永續高息,上市,ETF,,2024/10/15,CEOIEU,
175,TW0000096205,00962,台新AI優息動能,上市,ETF,,2024/12/6,CEOIEU,
176,TW0000096304,00963,中信全球高股息,上市,ETF,,2024/11/14,CEOIEU,
177,TW0000096403,00964,中信亞太高股息,上市,ETF,,2024/11/14,CEOIEU,
178,TW0000096502,00965,元大航太防衛科技,上市,ETF,,2024/11/26,CEOIEU,
179,TW0000097104,00971,野村美國研發龍頭,上市,ETF,,2025/1/9,CEOIEU,
180,TW0000097203,00972,野村日本動能高息,上市,ETF,,2025/1/9,CEOIEU,
181,TW0000098003,009800,中信NASDAQ,上市,ETF,,2025/2/11,CEOIEU,
182,TW0000098011,009801,中信美國創新科技,上市,ETF,,2025/2/11,CEOIEU,
183,TW0000098029,009802,富邦旗艦50,上市,ETF,,2025/3/19,CEOIEU,
184,TW0000098037,009803,保德信市值動能50,上市,ETF,,2025/3/13,CEOIEU,
185,TW0000098045,009804,聯邦台精彩50,上市,ETF,,2025/4/16,CEOIEU,
186,TW0000098052,009805,新光美國電力基建,上市,ETF,,2025/5/13,CEOIEU,
187,TW0000098086,009808,華南永昌優選50,上市,ETF,,2025/5/16,CEOGEU,
188,TW0000098094,009809,富邦淨零ESG50,上市,ETF,,2025/10/14,CEOIEU,
189,TW00000980A4,00980A,主動野村臺灣優選,上市,ETF,,2025/5/5,CEOIEU,
190,TW0000098102,009810,保德信全球藍籌,上市,ETF,,2025/7/16,CEOIEU,
191,TW0000098110,009811,統一美國50,上市,ETF,,2025/7/29,CEOIEU,
192,TW0000098128,009812,野村日本東證,上市,ETF,,2025/9/18,CEOGEU,
193,TW0000098136,009813,貝萊德標普卓越50,上市,ETF,,2025/10/20,CEOIEU,
194,TW0000098169,009816,凱基台灣TOP50,上市,ETF,,2026/2/3,CEOIEU,
195,TW0000098177,009817,國泰日本不動產,上市,ETF,,2026/2/6,CEOJEU,
196,TW00000981A2,00981A,主動統一台股增長,上市,ETF,,2025/5/27,CEOIEU,
197,TW00000981T2,00981T,平衡凱基雙核收息,上市,ETF,,2025/9/24,CEOJLU,
198,TW00000982A0,00982A,主動群益台灣強棒,上市,ETF,,2025/5/22,CEOIEU,
199,TW00000982D4,00982D,主動富邦動態入息,上市,ETF,,2025/10/14,CEOIBU,
200,TW00000982T0,00982T,平衡兆豐台美動能,上市,ETF,,2025/12/26,CEOJLU,
201,TW00000983A8,00983A,主動中信ARK創新,上市,ETF,,2025/6/18,CEOIEU,
202,TW00000983D2,00983D,主動富邦複合收益,上市,ETF,,2025/10/14,CEOIBU,
203,TW00000984A6,00984A,主動安聯台灣高息,上市,ETF,,2025/7/14,CEOIEU,
204,TW00000984D0,00984D,主動聯博全球非投,上市,ETF,,2026/2/4,CEOIBU,
205,TW00000985A3,00985A,主動野村台灣50,上市,ETF,,2025/7/21,CEOIEU,
206,TW00000985B1,00985B,群益ESG投等債0-5,上市,ETF,,2025/9/11,CEOIBU,
207,TW00000986A1,00986A,主動台新龍頭成長,上市,ETF,,2025/8/27,CEOIEU,
208,TW00000987A9,00987A,主動台新優勢成長,上市,ETF,,2025/12/30,CEOIEU,
209,TW00000988A7,00988A,主動統一全球創新,上市,ETF,,2025/11/5,CEOIEU,
210,TW00000989A5,00989A,主動摩根美國科技,上市,ETF,,2025/10/22,CEOJEU,
211,TW00000990A3,00990A,主動元大AI新經濟,上市,ETF,,2025/12/22,CEOGEU,
212,TW00000991A1,00991A,主動復華未來50,上市,ETF,,2025/12/18,CEOIEU,
213,TW00000992A9,00992A,主動群益科技創新,上市,ETF,,2025/12/30,CEOIEU,
214,TW00000993A7,00993A,主動安聯台灣,上市,ETF,,2026/2/3,CEOIEU,
215,TW00000994A5,00994A,主動第一金台股優,上市,ETF,,2026/1/7,CEOGEU,
216,TW00000995A2,00995A,主動中信台灣卓越,上市,ETF,,2026/1/22,CEOIEU,
1262,TW0008069003,8069,元太,上櫃,股票,光電業,2006/6/26,ESVUFR,
