日期,開盤價,最高價,最低價,收盤價,成交量
2022-08-01 00:00:00+08:00,11.61,11.61,11.61,11.61,0
2022-08-02 00:00:00+08:00,11.61,11.61,11.61,11.61,0
2022-08-03 00:00:00+08:00,11.61,11.61,11.61,11.61,0
2022-08-04 00:00:00+08:00,11.61,11.61,11.61,11.61,0
2022-08-05 00:00:00+08:00,11.65,11.65,11.65,11.65,0
2022-08-08 00:00:00+08:00,11.72,11.72,11.72,11.72,0
2022-08-09 00:00:00+08:00,11.77,11.77,11.77,11.77,0
2022-08-10 00:00:00+08:00,11.65,11.68,11.64,11.66,4781600
2022-08-11 00:00:00+08:00,11.71,11.82,11.7,11.8,16067600
2022-08-12 00:00:00+08:00,11.8,11.85,11.8,11.83,6378251
2022-08-15 00:00:00+08:00,11.85,11.87,11.82,11.83,4894350
2022-08-16 00:00:00+08:00,11.83,11.87,11.81,11.85,4569500
2022-08-17 00:00:00+08:00,11.86,11.89,11.85,11.89,3169320
2022-08-18 00:00:00+08:00,11.88,11.88,11.81,11.85,2248460
2022-08-19 00:00:00+08:00,11.85,11.89,11.83,11.87,3048091
2022-08-22 00:00:00+08:00,11.84,11.84,11.82,11.84,1144000
2022-08-23 00:00:00+08:00,11.78,11.81,11.71,11.72,2734046
2022-08-24 00:00:00+08:00,11.73,11.78,11.68,11.69,1438588
2022-08-25 00:00:00+08:00,11.7,11.77,11.69,11.75,1457300
2022-08-26 00:00:00+08:00,11.77,11.8,11.76,11.76,1367372
2022-08-29 00:00:00+08:00,11.61,11.64,11.55,11.6,2791350
2022-08-30 00:00:00+08:00,11.6,11.67,11.58,11.65,1066500
2022-08-31 00:00:00+08:00,11.65,11.69,11.61,11.67,897400
2022-09-01 00:00:00+08:00,11.55,11.62,11.51,11.57,2852835
2022-09-02 00:00:00+08:00,11.6,11.6,11.51,11.51,1073864
2022-09-05 00:00:00+08:00,11.53,11.53,11.44,11.49,632821
2022-09-06 00:00:00+08:00,11.55,11.55,11.46,11.49,650651
2022-09-07 00:00:00+08:00,11.46,11.46,11.34,11.36,1394714
2022-09-08 00:00:00+08:00,11.41,11.53,11.39,11.51,896561
2022-09-12 00:00:00+08:00,11.6,11.66,11.58,11.64,1062395
2022-09-13 00:00:00+08:00,11.66,11.71,11.65,11.65,1211920
2022-09-14 00:00:00+08:00,11.54,11.54,11.46,11.52,662196
2022-09-15 00:00:00+08:00,11.54,11.61,11.51,11.58,572268
2022-09-16 00:00:00+08:00,11.58,11.58,11.48,11.5,316202
2022-09-19 00:00:00+08:00,11.51,11.57,11.47,11.48,358005
2022-09-20 00:00:00+08:00,11.48,11.49,11.47,11.49,171150
2022-09-21 00:00:00+08:00,11.47,11.48,11.38,11.39,1202482
2022-09-22 00:00:00+08:00,11.3,11.31,11.2,11.29,784193
2022-09-23 00:00:00+08:00,11.28,11.31,11.23,11.3,1568879
2022-09-26 00:00:00+08:00,11.23,11.24,11.04,11.08,1159418
2022-09-27 00:00:00+08:00,11.08,11.11,11.03,11.06,605450
2022-09-28 00:00:00+08:00,11.07,11.1,10.86,10.87,1908976
2022-09-29 00:00:00+08:00,10.95,10.99,10.86,10.99,904300
2022-09-30 00:00:00+08:00,10.89,10.89,10.8,10.86,1421900
2022-10-03 00:00:00+08:00,10.79,10.83,10.75,10.79,1234898
2022-10-04 00:00:00+08:00,10.86,10.99,10.86,10.98,801600
2022-10-05 00:00:00+08:00,11.06,11.13,11.06,11.07,762195
2022-10-06 00:00:00+08:00,11.1,11.12,11.07,11.09,797075
2022-10-07 00:00:00+08:00,11.13,11.13,11.01,11.03,506300
2022-10-11 00:00:00+08:00,10.99,10.99,10.76,10.79,674128
2022-10-12 00:00:00+08:00,10.79,10.83,10.7,10.77,808719
2022-10-13 00:00:00+08:00,10.72,10.77,10.58,10.61,892021
2022-10-14 00:00:00+08:00,10.69,10.75,10.68,10.68,716050
2022-10-17 00:00:00+08:00,10.49,10.67,10.49,10.67,980150
2022-10-18 00:00:00+08:00,10.79,10.79,10.69,10.78,302050
2022-10-19 00:00:00+08:00,10.81,10.86,10.79,10.79,713100
2022-10-20 00:00:00+08:00,10.76,10.76,10.58,10.69,716000
2022-10-21 00:00:00+08:00,10.73,10.74,10.63,10.66,1048050
2022-10-24 00:00:00+08:00,10.78,10.81,10.69,10.7,640215
2022-10-25 00:00:00+08:00,10.75,10.75,10.62,10.67,1022000
2022-10-26 00:00:00+08:00,10.67,10.75,10.65,10.71,294000
2022-10-27 00:00:00+08:00,10.79,10.83,10.75,10.79,275000
2022-10-28 00:00:00+08:00,10.79,10.8,10.69,10.72,424050
2022-10-31 00:00:00+08:00,10.84,10.85,10.75,10.8,509000
2022-11-01 00:00:00+08:00,10.75,10.83,10.75,10.82,646000
2022-11-02 00:00:00+08:00,10.82,10.86,10.82,10.86,429000
2022-11-03 00:00:00+08:00,10.84,10.88,10.79,10.86,381000
2022-11-04 00:00:00+08:00,10.86,10.92,10.79,10.9,272000
2022-11-07 00:00:00+08:00,10.9,11.1,10.9,11.08,718243
2022-11-08 00:00:00+08:00,11.1,11.15,11.1,11.15,455276
2022-11-09 00:00:00+08:00,11.16,11.26,11.16,11.26,526001
2022-11-10 00:00:00+08:00,11.24,11.24,11.15,11.19,210126
2022-11-11 00:00:00+08:00,11.43,11.44,11.32,11.42,916010
2022-11-14 00:00:00+08:00,11.45,11.54,11.44,11.51,671142
2022-11-15 00:00:00+08:00,11.51,11.59,11.46,11.57,908200
2022-11-16 00:00:00+08:00,11.57,11.63,11.51,11.54,1275218
2022-11-17 00:00:00+08:00,11.54,11.59,11.49,11.58,612668
2022-11-18 00:00:00+08:00,11.58,11.66,11.54,11.6,814200
2022-11-21 00:00:00+08:00,11.61,11.61,11.55,11.58,430000
2022-11-22 00:00:00+08:00,11.61,11.61,11.55,11.59,690200
2022-11-23 00:00:00+08:00,11.65,11.76,11.63,11.71,6402697
2022-11-24 00:00:00+08:00,11.73,11.81,11.73,11.79,2994213
2022-11-25 00:00:00+08:00,11.77,11.81,11.71,11.71,1119050
2022-11-28 00:00:00+08:00,11.61,11.73,11.61,11.69,592072
2022-11-29 00:00:00+08:00,11.69,11.79,11.65,11.78,952332
2022-11-30 00:00:00+08:00,11.78,11.91,11.78,11.89,2169846
2022-12-01 00:00:00+08:00,11.94,12.02,11.93,11.98,2249608
2022-12-02 00:00:00+08:00,11.97,12.01,11.94,11.97,1490290
2022-12-05 00:00:00+08:00,12.0,12.03,11.97,12.0,1215076
2022-12-06 00:00:00+08:00,12.0,12.0,11.89,11.89,1647015
2022-12-07 00:00:00+08:00,11.77,11.91,11.77,11.83,573061
2022-12-08 00:00:00+08:00,11.81,11.81,11.71,11.77,579000
2022-12-09 00:00:00+08:00,11.82,11.84,11.78,11.82,422000
2022-12-12 00:00:00+08:00,11.75,11.78,11.65,11.76,766178
2022-12-13 00:00:00+08:00,11.77,11.82,11.71,11.71,261012
2022-12-14 00:00:00+08:00,11.73,11.81,11.72,11.78,465000
2022-12-15 00:00:00+08:00,11.78,11.82,11.77,11.81,326000
2022-12-16 00:00:00+08:00,11.69,11.78,11.68,11.74,522100
2022-12-19 00:00:00+08:00,11.74,11.81,11.69,11.77,461000
2022-12-20 00:00:00+08:00,11.73,11.8,11.64,11.66,426500
2022-12-21 00:00:00+08:00,11.65,11.69,11.65,11.68,238023
2022-12-22 00:00:00+08:00,11.71,11.81,11.71,11.78,693011
2022-12-23 00:00:00+08:00,11.77,11.78,11.73,11.76,485448
2022-12-26 00:00:00+08:00,11.78,11.78,11.77,11.78,332263
2022-12-27 00:00:00+08:00,11.78,11.84,11.78,11.79,661100
2022-12-28 00:00:00+08:00,11.77,11.77,11.71,11.72,227000
2022-12-29 00:00:00+08:00,11.66,11.74,11.61,11.69,242200
2022-12-30 00:00:00+08:00,11.72,11.77,11.72,11.75,274000
2023-01-03 00:00:00+08:00,11.75,11.75,11.61,11.71,383000
2023-01-04 00:00:00+08:00,11.71,11.71,11.66,11.69,357000
2023-01-05 00:00:00+08:00,11.74,11.78,11.7,11.71,457180
2023-01-06 00:00:00+08:00,11.71,11.78,11.71,11.75,405013
2023-01-09 00:00:00+08:00,11.85,11.94,11.85,11.92,1354182
2023-01-10 00:00:00+08:00,11.92,11.95,11.89,11.94,1056119
2023-01-11 00:00:00+08:00,11.95,12.02,11.93,11.96,381010
2023-01-12 00:00:00+08:00,11.98,11.98,11.91,11.92,714007
2023-01-13 00:00:00+08:00,11.96,12.0,11.9,11.9,385330
2023-01-16 00:00:00+08:00,11.9,11.99,11.9,11.95,1081000
2023-01-17 00:00:00+08:00,11.95,12.0,11.95,11.99,724035
2023-01-30 00:00:00+08:00,12.06,12.2,12.06,12.17,1856129
2023-01-31 00:00:00+08:00,12.17,12.21,12.16,12.17,1385200
2023-02-01 00:00:00+08:00,12.23,12.26,12.19,12.26,616088
2023-02-02 00:00:00+08:00,12.31,12.43,12.31,12.41,1194058
2023-02-03 00:00:00+08:00,12.42,12.47,12.34,12.43,1806000
2023-02-06 00:00:00+08:00,12.39,12.41,12.33,12.37,979219
2023-02-07 00:00:00+08:00,12.37,12.43,12.37,12.42,434015
2023-02-08 00:00:00+08:00,12.47,12.47,12.44,12.45,382100
2023-02-09 00:00:00+08:00,12.45,12.47,12.38,12.45,827000
2023-02-10 00:00:00+08:00,12.44,12.44,12.34,12.37,381113
2023-02-13 00:00:00+08:00,12.37,12.47,12.31,12.44,1189060
2023-02-14 00:00:00+08:00,12.47,12.5,12.47,12.49,397000
2023-02-15 00:00:00+08:00,12.49,12.49,12.43,12.43,789487
2023-02-16 00:00:00+08:00,12.48,12.55,12.48,12.48,666114
2023-02-17 00:00:00+08:00,12.47,12.53,12.47,12.5,540000
2023-02-20 00:00:00+08:00,12.5,12.61,12.49,12.56,448000
2023-02-21 00:00:00+08:00,12.57,12.59,12.55,12.59,276171
2023-02-22 00:00:00+08:00,12.56,12.58,12.47,12.57,382103
2023-02-23 00:00:00+08:00,12.59,12.69,12.59,12.65,286000
2023-02-24 00:00:00+08:00,12.66,12.71,12.65,12.69,928060
2023-03-01 00:00:00+08:00,12.67,12.72,12.56,12.7,1306300
2023-03-02 00:00:00+08:00,12.7,12.76,12.66,12.76,1329100
2023-03-03 00:00:00+08:00,12.78,12.83,12.76,12.81,972875
2023-03-06 00:00:00+08:00,12.85,12.94,12.84,12.91,969664
2023-03-07 00:00:00+08:00,12.92,13.02,12.91,13.02,895500
2023-03-08 00:00:00+08:00,13.0,13.02,12.93,12.99,899001
2023-03-09 00:00:00+08:00,13.01,13.01,12.95,12.96,844060
2023-03-10 00:00:00+08:00,12.89,12.89,12.79,12.81,1200521
2023-03-13 00:00:00+08:00,12.7,12.76,12.62,12.73,2129911
2023-03-14 00:00:00+08:00,12.69,12.69,12.58,12.62,1384547
2023-03-15 00:00:00+08:00,12.62,12.7,12.62,12.69,766509
2023-03-16 00:00:00+08:00,12.69,12.69,12.46,12.5,1699061
2023-03-17 00:00:00+08:00,12.48,12.63,12.48,12.63,470200
2023-03-20 00:00:00+08:00,12.63,12.63,12.56,12.58,307000
2023-03-21 00:00:00+08:00,12.6,12.71,12.6,12.66,513900
2023-03-22 00:00:00+08:00,12.73,12.78,12.69,12.76,830000
2023-03-23 00:00:00+08:00,12.72,12.82,12.72,12.78,851100
2023-03-24 00:00:00+08:00,12.78,12.78,12.71,12.75,544050
2023-03-27 00:00:00+08:00,12.75,12.75,12.69,12.73,736823
2023-03-28 00:00:00+08:00,12.73,12.75,12.66,12.68,514100
2023-03-29 00:00:00+08:00,12.68,12.78,12.68,12.75,380334
2023-03-30 00:00:00+08:00,12.81,12.83,12.77,12.81,452202
2023-03-31 00:00:00+08:00,12.84,12.89,12.83,12.83,549020
2023-04-06 00:00:00+08:00,12.83,12.86,12.75,12.83,421246
2023-04-07 00:00:00+08:00,12.88,12.9,12.85,12.87,440950
2023-04-10 00:00:00+08:00,12.87,12.9,12.86,12.9,283111
2023-04-11 00:00:00+08:00,12.9,12.99,12.9,12.98,513630
2023-04-12 00:00:00+08:00,13.0,13.04,13.0,13.02,559120
2023-04-13 00:00:00+08:00,13.02,13.04,12.95,12.96,621000
2023-04-14 00:00:00+08:00,12.99,13.04,12.99,13.02,808250
2023-04-17 00:00:00+08:00,13.0,13.04,13.0,13.02,455120
2023-04-18 00:00:00+08:00,13.03,13.03,13.0,13.0,321300
2023-04-19 00:00:00+08:00,13.01,13.08,13.01,13.02,1018060
2023-04-20 00:00:00+08:00,12.99,12.99,12.9,12.93,396000
2023-04-21 00:00:00+08:00,12.93,12.94,12.82,12.86,394928
2023-04-24 00:00:00+08:00,12.86,12.93,12.82,12.89,380300
2023-04-25 00:00:00+08:00,12.97,12.98,12.77,12.78,424000
2023-04-26 00:00:00+08:00,12.75,12.78,12.72,12.78,450144
2023-04-27 00:00:00+08:00,12.78,12.88,12.75,12.85,218000
2023-04-28 00:00:00+08:00,12.86,12.95,12.86,12.93,312100
2023-05-02 00:00:00+08:00,12.94,13.04,12.94,13.01,450630
2023-05-03 00:00:00+08:00,13.02,13.06,12.98,13.05,603706
2023-05-04 00:00:00+08:00,13.04,13.11,12.99,13.1,643200
2023-05-05 00:00:00+08:00,13.12,13.14,13.09,13.11,848163
2023-05-08 00:00:00+08:00,13.11,13.15,13.11,13.12,483855
2023-05-09 00:00:00+08:00,13.11,13.15,13.09,13.12,499016
2023-05-10 00:00:00+08:00,13.13,13.13,13.05,13.09,765747
2023-05-11 00:00:00+08:00,13.12,13.13,13.06,13.08,664243
2023-05-12 00:00:00+08:00,13.08,13.16,13.03,13.15,997062
2023-05-15 00:00:00+08:00,13.15,13.21,13.11,13.19,921880
2023-05-16 00:00:00+08:00,13.19,13.32,13.19,13.28,857300
2023-05-17 00:00:00+08:00,13.28,13.4,13.28,13.4,1125214
2023-05-18 00:00:00+08:00,13.42,13.54,13.42,13.52,1483579
2023-05-19 00:00:00+08:00,13.52,13.69,13.52,13.67,822274
2023-05-22 00:00:00+08:00,13.67,13.72,13.67,13.7,987000
2023-05-23 00:00:00+08:00,13.7,13.8,13.66,13.74,399000
2023-05-24 00:00:00+08:00,13.73,13.77,13.67,13.76,725000
2023-05-25 00:00:00+08:00,13.78,13.85,13.75,13.85,432045
2023-05-26 00:00:00+08:00,13.89,13.99,13.88,13.95,492999
2023-05-29 00:00:00+08:00,14.0,14.11,14.0,14.06,640500
2023-05-30 00:00:00+08:00,14.06,14.11,14.01,14.06,1175295
2023-05-31 00:00:00+08:00,14.06,14.1,14.02,14.08,732374
2023-06-01 00:00:00+08:00,14.09,14.09,14.0,14.05,630067
2023-06-02 00:00:00+08:00,14.11,14.32,14.11,14.24,2767628
2023-06-05 00:00:00+08:00,14.32,14.38,14.28,14.34,2011245
2023-06-06 00:00:00+08:00,14.31,14.37,14.28,14.32,2084165
2023-06-07 00:00:00+08:00,14.37,14.45,14.35,14.44,1318701
2023-06-08 00:00:00+08:00,14.46,14.46,14.34,14.36,2894311
2023-06-09 00:00:00+08:00,14.41,14.54,14.41,14.54,1458850
2023-06-12 00:00:00+08:00,14.6,14.61,14.5,14.56,1332500
2023-06-13 00:00:00+08:00,14.68,14.74,14.64,14.7,1495251
2023-06-14 00:00:00+08:00,14.72,14.76,14.67,14.74,1117001
2023-06-15 00:00:00+08:00,14.75,14.83,14.75,14.83,1936805
2023-06-16 00:00:00+08:00,14.84,14.84,14.68,14.72,2036160
2023-06-19 00:00:00+08:00,14.71,14.71,14.61,14.63,1025101
2023-06-20 00:00:00+08:00,14.63,14.63,14.51,14.59,965052
2023-06-21 00:00:00+08:00,14.59,14.77,14.59,14.75,1438000
2023-06-26 00:00:00+08:00,14.75,14.75,14.58,14.66,803111
2023-06-27 00:00:00+08:00,14.59,14.59,14.47,14.5,931000
2023-06-28 00:00:00+08:00,14.5,14.62,14.5,14.59,436200
2023-06-29 00:00:00+08:00,14.6,14.68,14.54,14.59,1585170
2023-06-30 00:00:00+08:00,14.59,14.65,14.55,14.65,326596
2023-07-03 00:00:00+08:00,14.75,14.87,14.75,14.84,1164490
2023-07-04 00:00:00+08:00,14.94,15.06,14.85,15.02,1331450
2023-07-05 00:00:00+08:00,15.02,15.03,14.9,14.98,881144
2023-07-06 00:00:00+08:00,14.96,15.02,14.81,14.84,1257008
2023-07-07 00:00:00+08:00,14.76,14.77,14.63,14.67,1327003
2023-07-10 00:00:00+08:00,14.67,14.76,14.66,14.68,691248
2023-07-11 00:00:00+08:00,14.79,14.97,14.79,14.94,1085010
2023-07-12 00:00:00+08:00,14.98,15.16,14.95,15.14,1033050
2023-07-13 00:00:00+08:00,15.29,15.5,15.25,15.28,2754210
2023-07-14 00:00:00+08:00,15.43,15.51,15.27,15.46,1590000
2023-07-17 00:00:00+08:00,15.47,15.55,15.42,15.48,1670300
2023-07-18 00:00:00+08:00,15.58,15.65,15.31,15.5,1168018
2023-07-19 00:00:00+08:00,15.5,15.62,15.37,15.37,1547533
2023-07-20 00:00:00+08:00,15.38,15.58,15.38,15.58,831301
2023-07-21 00:00:00+08:00,15.46,15.7,15.38,15.7,940142
2023-07-24 00:00:00+08:00,15.78,15.93,15.7,15.92,1252220
2023-07-25 00:00:00+08:00,15.95,16.14,15.91,16.02,1362260
2023-07-26 00:00:00+08:00,16.01,16.13,15.94,16.09,1293261
2023-07-27 00:00:00+08:00,16.13,16.25,16.1,16.14,1054000
2023-07-28 00:00:00+08:00,16.21,16.45,16.04,16.45,1299310
2023-07-31 00:00:00+08:00,16.75,16.84,16.21,16.33,2319100
2023-08-01 00:00:00+08:00,16.33,16.37,16.08,16.25,1783152
2023-08-02 00:00:00+08:00,16.25,16.33,15.72,15.77,2231556
2023-08-04 00:00:00+08:00,15.73,15.98,15.66,15.93,1161501
2023-08-07 00:00:00+08:00,16.01,16.36,15.97,16.33,940477
2023-08-08 00:00:00+08:00,16.37,16.37,16.05,16.24,535009
2023-08-09 00:00:00+08:00,16.14,16.31,16.09,16.14,574501
2023-08-10 00:00:00+08:00,16.1,16.1,15.75,15.85,1013654
2023-08-11 00:00:00+08:00,16.05,16.05,15.89,16.0,679313
2023-08-14 00:00:00+08:00,16.0,16.1,15.85,15.94,913472
2023-08-15 00:00:00+08:00,16.17,16.2,16.11,16.15,757152
2023-08-16 00:00:00+08:00,16.13,16.33,15.97,16.32,704000
2023-08-17 00:00:00+08:00,16.32,16.51,16.21,16.51,1222199
2023-08-18 00:00:00+08:00,16.52,16.6,16.14,16.25,2847300
2023-08-21 00:00:00+08:00,16.29,16.37,16.16,16.21,2847118
2023-08-22 00:00:00+08:00,16.33,16.39,16.26,16.29,5500000
2023-08-23 00:00:00+08:00,16.28,16.41,16.24,16.41,1036215
2023-08-24 00:00:00+08:00,16.49,16.73,16.41,16.53,2213000
2023-08-25 00:00:00+08:00,16.42,16.46,16.3,16.32,2010353
2023-08-28 00:00:00+08:00,16.4,16.4,16.23,16.29,1588100
2023-08-29 00:00:00+08:00,16.38,16.43,16.27,16.4,1385177
2023-08-30 00:00:00+08:00,16.56,16.56,16.45,16.5,683942
2023-08-31 00:00:00+08:00,16.43,16.54,16.37,16.53,1061421
2023-09-01 00:00:00+08:00,16.54,16.57,16.45,16.45,3078003
2023-09-04 00:00:00+08:00,16.55,16.63,16.45,16.63,16338738
2023-09-05 00:00:00+08:00,16.65,16.74,16.57,16.73,17524638
2023-09-06 00:00:00+08:00,16.92,17.1,16.88,17.05,34741930
2023-09-07 00:00:00+08:00,17.0,17.09,16.96,16.96,24012000
2023-09-08 00:00:00+08:00,16.92,17.0,16.83,16.88,16769768
2023-09-11 00:00:00+08:00,16.94,16.94,16.57,16.71,25463226
2023-09-12 00:00:00+08:00,16.73,16.78,16.59,16.7,12106969
2023-09-13 00:00:00+08:00,16.7,16.88,16.69,16.88,11510332
2023-09-14 00:00:00+08:00,17.0,17.14,16.96,17.11,12334774
2023-09-15 00:00:00+08:00,17.3,17.31,17.19,17.28,24408870
2023-09-18 00:00:00+08:00,17.25,17.27,17.1,17.1,17115280
2023-09-19 00:00:00+08:00,17.19,17.23,17.11,17.11,11537649
2023-09-20 00:00:00+08:00,17.12,17.27,17.0,17.03,8667847
2023-09-21 00:00:00+08:00,16.88,16.89,16.73,16.81,5920560
2023-09-22 00:00:00+08:00,16.63,16.93,16.63,16.9,4558370
2023-09-25 00:00:00+08:00,17.0,17.04,16.94,17.02,3416352
2023-09-26 00:00:00+08:00,16.99,17.04,16.8,16.82,4639879
2023-09-27 00:00:00+08:00,16.81,16.95,16.75,16.95,3605780
2023-09-28 00:00:00+08:00,17.04,17.14,17.02,17.12,3777035
2023-10-02 00:00:00+08:00,17.27,17.44,17.23,17.4,7566063
2023-10-03 00:00:00+08:00,17.39,17.42,17.22,17.23,6170986
2023-10-04 00:00:00+08:00,17.12,17.18,16.97,17.16,4648215
2023-10-05 00:00:00+08:00,17.26,17.32,17.23,17.24,3212060
2023-10-06 00:00:00+08:00,17.33,17.37,17.21,17.21,4942942
2023-10-11 00:00:00+08:00,17.42,17.46,17.25,17.28,5143057
2023-10-12 00:00:00+08:00,17.35,17.41,17.3,17.4,3455570
2023-10-13 00:00:00+08:00,17.38,17.38,17.14,17.21,5384017
2023-10-16 00:00:00+08:00,17.18,17.19,17.08,17.17,3771129
2023-10-17 00:00:00+08:00,17.24,17.29,17.13,17.13,4741793
2023-10-18 00:00:00+08:00,17.12,17.12,16.95,16.99,6067666
2023-10-19 00:00:00+08:00,16.95,17.0,16.85,16.95,4701200
2023-10-20 00:00:00+08:00,16.9,16.93,16.68,16.88,4710472
2023-10-23 00:00:00+08:00,16.76,16.92,16.76,16.81,4069299
2023-10-24 00:00:00+08:00,16.83,17.01,16.8,17.0,4318143
2023-10-25 00:00:00+08:00,17.07,17.14,17.02,17.08,2541900
2023-10-26 00:00:00+08:00,16.95,16.95,16.72,16.79,6400500
2023-10-27 00:00:00+08:00,16.88,16.97,16.83,16.85,2371973
2023-10-30 00:00:00+08:00,16.95,16.97,16.85,16.88,3718558
2023-10-31 00:00:00+08:00,16.97,16.97,16.64,16.67,4331383
2023-11-01 00:00:00+08:00,16.85,16.87,16.7,16.84,3587947
2023-11-02 00:00:00+08:00,17.04,17.12,17.02,17.11,3463700
2023-11-03 00:00:00+08:00,17.23,17.28,17.18,17.23,3785582
2023-11-06 00:00:00+08:00,17.37,17.59,17.37,17.55,8559900
2023-11-07 00:00:00+08:00,17.51,17.72,17.49,17.7,8669985
2023-11-08 00:00:00+08:00,17.77,17.93,17.73,17.85,7144839
2023-11-09 00:00:00+08:00,17.85,17.89,17.75,17.89,6074081
2023-11-10 00:00:00+08:00,17.83,17.86,17.75,17.8,4567459
2023-11-13 00:00:00+08:00,17.83,17.84,17.64,17.66,6725907
2023-11-14 00:00:00+08:00,17.76,17.78,17.66,17.77,5139415
2023-11-15 00:00:00+08:00,17.93,17.99,17.78,17.8,4461423
2023-11-16 00:00:00+08:00,17.86,17.87,17.73,17.78,2885754
2023-11-17 00:00:00+08:00,17.78,17.79,17.7,17.73,4225608
2023-11-20 00:00:00+08:00,17.75,17.8,17.68,17.8,3821974
2023-11-21 00:00:00+08:00,17.88,17.94,17.85,17.92,4199604
2023-11-22 00:00:00+08:00,17.86,17.86,17.76,17.82,4461193
2023-11-23 00:00:00+08:00,17.86,17.86,17.74,17.8,3912578
2023-11-24 00:00:00+08:00,17.83,17.86,17.79,17.84,2023051
2023-11-27 00:00:00+08:00,17.87,17.92,17.76,17.78,7001216
2023-11-28 00:00:00+08:00,17.84,17.89,17.79,17.87,5537645
2023-11-29 00:00:00+08:00,17.9,18.02,17.89,17.98,8588045
2023-11-30 00:00:00+08:00,17.98,18.02,17.86,17.99,6900299
2023-12-01 00:00:00+08:00,17.98,18.11,17.94,18.1,10797515
2023-12-04 00:00:00+08:00,18.13,18.22,18.12,18.16,17281000
2023-12-05 00:00:00+08:00,18.08,18.2,18.01,18.2,10139568
2023-12-06 00:00:00+08:00,18.22,18.35,18.22,18.33,7742725
2023-12-07 00:00:00+08:00,18.36,18.4,18.3,18.3,11986070
2023-12-08 00:00:00+08:00,18.44,18.46,18.34,18.41,5392923
2023-12-11 00:00:00+08:00,18.48,18.5,18.36,18.44,9583638
2023-12-12 00:00:00+08:00,18.48,18.66,18.48,18.62,9699180
2023-12-13 00:00:00+08:00,18.77,18.89,18.74,18.88,12898712
2023-12-14 00:00:00+08:00,19.11,19.23,19.08,19.23,12489126
2023-12-15 00:00:00+08:00,19.31,19.31,19.07,19.09,21277603
2023-12-18 00:00:00+08:00,19.03,19.04,18.87,18.99,15651467
2023-12-19 00:00:00+08:00,18.95,18.95,18.67,18.76,11868800
2023-12-20 00:00:00+08:00,18.83,18.86,18.75,18.86,6516529
2023-12-21 00:00:00+08:00,18.66,18.78,18.59,18.76,4660818
2023-12-22 00:00:00+08:00,18.8,18.85,18.71,18.8,6117974
2023-12-25 00:00:00+08:00,18.8,18.83,18.75,18.83,4454276
2023-12-26 00:00:00+08:00,18.89,18.94,18.8,18.91,9592650
2023-12-27 00:00:00+08:00,18.99,19.0,18.93,18.96,8396266
2023-12-28 00:00:00+08:00,18.96,18.97,18.86,18.86,5851431
2023-12-29 00:00:00+08:00,18.86,18.93,18.82,18.91,4381430
2024-01-02 00:00:00+08:00,18.97,19.01,18.79,18.91,8076184
2024-01-03 00:00:00+08:00,18.8,18.8,18.67,18.7,10964700
2024-01-04 00:00:00+08:00,18.7,18.72,18.64,18.71,7238012
2024-01-05 00:00:00+08:00,18.75,18.75,18.64,18.68,4524741
2024-01-08 00:00:00+08:00,18.7,18.73,18.55,18.6,8978176
2024-01-09 00:00:00+08:00,18.65,18.66,18.47,18.5,5348086
2024-01-10 00:00:00+08:00,18.43,18.48,18.36,18.47,4560399
2024-01-11 00:00:00+08:00,18.47,18.54,18.44,18.51,4190212
2024-01-12 00:00:00+08:00,18.46,18.51,18.41,18.44,5472170
2024-01-15 00:00:00+08:00,18.44,18.44,18.44,18.44,0
2024-01-16 00:00:00+08:00,18.45,18.47,18.32,18.45,5500134
2024-01-17 00:00:00+08:00,18.43,18.43,18.33,18.37,6939992
2024-01-18 00:00:00+08:00,18.34,18.36,18.21,18.31,5361417
2024-01-19 00:00:00+08:00,18.43,18.43,18.3,18.42,5551325
2024-01-22 00:00:00+08:00,18.5,18.55,18.48,18.55,2601985
2024-01-23 00:00:00+08:00,18.57,18.64,18.56,18.63,2852986
2024-01-24 00:00:00+08:00,18.66,18.7,18.64,18.66,3928043
2024-01-25 00:00:00+08:00,18.71,18.74,18.69,18.73,4269746
2024-01-26 00:00:00+08:00,18.73,18.73,18.61,18.64,3797626
2024-01-29 00:00:00+08:00,18.64,18.8,18.63,18.79,4444038
2024-01-30 00:00:00+08:00,18.8,18.8,18.74,18.74,3681600
2024-01-31 00:00:00+08:00,18.74,18.74,18.62,18.64,6859900
2024-02-01 00:00:00+08:00,18.68,18.68,18.6,18.67,4769467
2024-02-02 00:00:00+08:00,18.68,18.68,18.59,18.63,4398758
2024-02-05 00:00:00+08:00,18.58,18.59,18.42,18.58,4883957
2024-02-15 00:00:00+08:00,18.6,18.68,18.53,18.6,6022916
2024-02-16 00:00:00+08:00,18.73,18.74,18.64,18.65,4993261
2024-02-19 00:00:00+08:00,18.68,18.8,18.66,18.8,4663583
2024-02-20 00:00:00+08:00,18.8,18.86,18.79,18.86,6423426
2024-02-21 00:00:00+08:00,18.86,19.01,18.85,18.96,4195180
2024-02-22 00:00:00+08:00,18.99,19.13,18.99,19.13,6883964
2024-02-23 00:00:00+08:00,19.15,19.27,19.09,19.09,7641110
2024-02-26 00:00:00+08:00,19.11,19.26,19.09,19.24,6281629
2024-02-27 00:00:00+08:00,19.26,19.26,19.07,19.17,7664494
2024-02-29 00:00:00+08:00,19.14,19.27,19.11,19.2,5150587
2024-03-01 00:00:00+08:00,19.23,19.3,19.14,19.26,9685618
2024-03-04 00:00:00+08:00,19.44,19.67,19.39,19.65,36529117
2024-03-05 00:00:00+08:00,19.86,19.86,19.69,19.86,43103934
2024-03-06 00:00:00+08:00,19.86,20.11,19.81,20.08,34850902
2024-03-07 00:00:00+08:00,20.32,20.67,20.23,20.67,39136356
2024-03-08 00:00:00+08:00,21.08,21.12,20.65,20.82,61323429
2024-03-11 00:00:00+08:00,20.82,20.87,20.66,20.75,36546242
2024-03-12 00:00:00+08:00,20.78,21.41,20.78,21.35,30996754
2024-03-13 00:00:00+08:00,21.61,22.23,21.58,22.23,59518299
2024-03-14 00:00:00+08:00,22.3,22.3,21.6,21.63,69146204
2024-03-15 00:00:00+08:00,21.61,21.72,21.4,21.57,56809036
2024-03-18 00:00:00+08:00,21.69,21.76,21.47,21.76,29837750
2024-03-19 00:00:00+08:00,21.75,22.34,21.71,22.26,34119572
2024-03-20 00:00:00+08:00,22.34,22.7,22.16,22.18,35905126
2024-03-21 00:00:00+08:00,22.45,22.46,22.07,22.18,15599822
2024-03-22 00:00:00+08:00,22.17,22.18,21.65,21.75,24835145
2024-03-25 00:00:00+08:00,21.75,21.93,21.56,21.6,13857777
2024-03-26 00:00:00+08:00,21.56,21.73,21.12,21.42,19731327
2024-03-27 00:00:00+08:00,21.42,21.96,21.4,21.87,12672974
2024-03-28 00:00:00+08:00,21.94,22.26,21.84,22.04,20670453
2024-03-29 00:00:00+08:00,22.09,22.14,21.75,21.95,11090000
2024-04-01 00:00:00+08:00,21.99,22.06,21.74,21.75,8359483
2024-04-02 00:00:00+08:00,21.75,22.01,21.75,22.0,9782245
2024-04-03 00:00:00+08:00,21.9,22.01,21.75,21.95,8499707
2024-04-08 00:00:00+08:00,21.95,21.96,21.8,21.89,7555772
2024-04-09 00:00:00+08:00,21.89,22.08,21.89,22.08,6979330
2024-04-10 00:00:00+08:00,22.15,22.15,22.01,22.07,6621736
2024-04-11 00:00:00+08:00,22.01,22.01,21.85,21.97,5078008
2024-04-12 00:00:00+08:00,21.97,22.08,21.9,22.01,3632289
2024-04-15 00:00:00+08:00,21.92,21.98,21.8,21.91,5513845
2024-04-16 00:00:00+08:00,21.82,21.82,21.34,21.46,13936827
2024-04-17 00:00:00+08:00,21.46,21.7,21.46,21.67,3992964
2024-04-18 00:00:00+08:00,21.62,21.79,21.56,21.74,4276201
2024-04-19 00:00:00+08:00,21.61,21.61,21.0,21.33,16685021
2024-04-22 00:00:00+08:00,21.32,21.39,21.17,21.25,8266489
2024-04-23 00:00:00+08:00,21.38,21.56,21.26,21.4,3623385
2024-04-24 00:00:00+08:00,21.63,21.9,21.6,21.87,5373280
2024-04-25 00:00:00+08:00,21.64,21.83,21.64,21.75,5278844
2024-04-26 00:00:00+08:00,21.75,21.91,21.73,21.82,9096760
2024-04-29 00:00:00+08:00,22.07,22.29,22.03,22.27,13241230
2024-04-30 00:00:00+08:00,22.39,22.43,22.3,22.32,10222712
2024-05-02 00:00:00+08:00,22.32,22.45,22.23,22.42,8488967
2024-05-03 00:00:00+08:00,22.58,22.7,22.46,22.47,8977350
2024-05-06 00:00:00+08:00,22.71,22.95,22.7,22.91,14262280
2024-05-07 00:00:00+08:00,23.04,23.08,22.86,22.94,9870863
2024-05-08 00:00:00+08:00,22.85,22.98,22.72,22.95,6876099
2024-05-09 00:00:00+08:00,22.94,22.94,22.66,22.71,11656045
2024-05-10 00:00:00+08:00,22.73,22.81,22.59,22.79,6059357
2024-05-13 00:00:00+08:00,22.85,22.85,22.59,22.65,8570150
2024-05-14 00:00:00+08:00,22.66,22.72,22.58,22.7,5920400
2024-05-15 00:00:00+08:00,22.72,22.87,22.71,22.72,7783801
2024-05-16 00:00:00+08:00,22.81,23.02,22.81,22.93,6288700
2024-05-17 00:00:00+08:00,22.94,22.95,22.84,22.95,9449914
2024-05-20 00:00:00+08:00,22.95,22.98,22.74,22.9,16027430
2024-05-21 00:00:00+08:00,22.9,22.9,22.75,22.83,8040809
2024-05-22 00:00:00+08:00,22.85,23.03,22.85,23.03,8206422
2024-05-23 00:00:00+08:00,23.03,23.07,22.87,23.04,7313638
2024-05-24 00:00:00+08:00,22.98,23.04,22.85,23.02,5368060
2024-05-27 00:00:00+08:00,23.07,23.44,23.07,23.41,7717410
2024-05-28 00:00:00+08:00,23.46,23.54,23.35,23.43,9853600
2024-05-29 00:00:00+08:00,23.44,23.44,23.25,23.32,8047300
2024-05-30 00:00:00+08:00,23.09,23.15,22.99,23.09,20836083
2024-05-31 00:00:00+08:00,23.11,23.23,23.06,23.06,10058061
2024-06-03 00:00:00+08:00,23.12,23.29,23.05,23.29,17607369
2024-06-04 00:00:00+08:00,23.27,23.29,23.08,23.27,12526387
2024-06-05 00:00:00+08:00,23.27,23.38,23.15,23.34,12303684
2024-06-06 00:00:00+08:00,23.45,23.59,23.4,23.51,12518323
2024-06-07 00:00:00+08:00,23.51,23.54,23.4,23.52,7030273
2024-06-11 00:00:00+08:00,23.46,23.66,23.38,23.63,11352095
2024-06-12 00:00:00+08:00,23.72,23.94,23.64,23.94,10243792
2024-06-13 00:00:00+08:00,24.11,24.27,24.03,24.14,16347004
2024-06-14 00:00:00+08:00,24.09,24.22,24.02,24.2,10872192
2024-06-17 00:00:00+08:00,24.2,24.37,24.15,24.34,12627207
2024-06-18 00:00:00+08:00,24.44,24.49,24.33,24.48,27930305
2024-06-19 00:00:00+08:00,24.71,24.91,24.7,24.71,21325508
2024-06-20 00:00:00+08:00,24.71,24.73,24.59,24.71,16729609
2024-06-21 00:00:00+08:00,24.59,24.69,24.52,24.54,15989486
2024-06-24 00:00:00+08:00,24.32,24.32,24.13,24.2,20480190
2024-06-25 00:00:00+08:00,24.11,24.34,23.87,24.34,12653952
2024-06-26 00:00:00+08:00,24.36,24.53,24.33,24.44,11002118
2024-06-27 00:00:00+08:00,24.31,24.4,24.22,24.35,7037798
2024-06-28 00:00:00+08:00,24.35,24.49,24.29,24.37,8742077
2024-07-01 00:00:00+08:00,24.42,24.47,24.34,24.37,7982876
2024-07-02 00:00:00+08:00,24.37,24.43,24.13,24.22,11013815
2024-07-03 00:00:00+08:00,24.28,24.44,24.19,24.2,8477189
2024-07-04 00:00:00+08:00,24.2,24.37,24.13,24.19,19177826
2024-07-05 00:00:00+08:00,24.22,24.29,24.18,24.21,10588427
2024-07-08 00:00:00+08:00,24.21,24.21,24.06,24.15,17579588
2024-07-09 00:00:00+08:00,24.16,24.29,24.03,24.09,21492197
2024-07-10 00:00:00+08:00,24.13,24.25,24.09,24.19,8038427
2024-07-11 00:00:00+08:00,24.23,24.56,24.23,24.39,11141819
2024-07-12 00:00:00+08:00,24.27,24.52,24.22,24.44,8112444
2024-07-15 00:00:00+08:00,24.44,24.53,24.32,24.45,8633202
2024-07-16 00:00:00+08:00,24.45,24.54,24.4,24.45,7540455
2024-07-17 00:00:00+08:00,24.45,24.54,24.4,24.44,6767701
2024-07-18 00:00:00+08:00,24.25,24.53,24.2,24.52,8451316
2024-07-19 00:00:00+08:00,24.5,24.51,24.04,24.15,16983823
2024-07-22 00:00:00+08:00,24.14,24.14,23.59,23.78,19237077
2024-07-23 00:00:00+08:00,23.96,24.12,23.96,24.09,7119438
2024-07-26 00:00:00+08:00,23.61,23.88,23.61,23.87,10020970
2024-07-29 00:00:00+08:00,24.05,24.38,23.82,23.87,9432452
2024-07-30 00:00:00+08:00,23.86,23.86,23.44,23.72,17163570
2024-07-31 00:00:00+08:00,23.68,23.94,23.62,23.92,5774815
2024-08-01 00:00:00+08:00,24.22,24.24,24.05,24.18,7242675
2024-08-02 00:00:00+08:00,23.9,23.9,23.65,23.8,15555337
2024-08-05 00:00:00+08:00,23.25,23.4,22.1,22.13,32412973
2024-08-06 00:00:00+08:00,22.61,22.84,21.89,22.63,22730253
2024-08-07 00:00:00+08:00,22.67,23.16,22.6,23.09,14332595
2024-08-08 00:00:00+08:00,22.79,23.14,22.65,22.91,11702900
2024-08-09 00:00:00+08:00,23.55,23.63,23.28,23.37,8700829
2024-08-12 00:00:00+08:00,23.63,23.79,23.58,23.68,8708692
2024-08-13 00:00:00+08:00,23.86,23.86,23.66,23.74,4769741
2024-08-14 00:00:00+08:00,23.92,24.09,23.88,23.99,5561678
2024-08-15 00:00:00+08:00,23.89,24.08,23.83,23.83,9080883
2024-08-16 00:00:00+08:00,24.15,24.22,24.02,24.02,5761618
2024-08-19 00:00:00+08:00,24.05,24.12,23.99,23.99,5615862
2024-08-20 00:00:00+08:00,24.1,24.17,24.01,24.01,5931428
2024-08-21 00:00:00+08:00,23.95,24.01,23.89,23.98,9014285
2024-08-22 00:00:00+08:00,24.0,24.01,23.83,23.89,6583676
2024-08-23 00:00:00+08:00,23.81,23.89,23.67,23.86,6848013
2024-08-26 00:00:00+08:00,23.98,24.16,23.97,23.97,5999455
2024-08-27 00:00:00+08:00,23.97,24.05,23.86,24.04,4930988
2024-08-28 00:00:00+08:00,24.07,24.13,23.99,24.13,5465271
2024-08-29 00:00:00+08:00,24.0,24.13,23.9,24.08,9195586
2024-08-30 00:00:00+08:00,24.16,24.3,24.16,24.24,10672562
2024-09-02 00:00:00+08:00,24.49,24.49,24.31,24.36,31573912
2024-09-03 00:00:00+08:00,24.43,24.44,24.3,24.36,33713294
2024-09-04 00:00:00+08:00,23.79,24.0,23.16,23.82,61631310
2024-09-05 00:00:00+08:00,23.92,24.13,23.81,23.83,23751761
2024-09-06 00:00:00+08:00,23.87,24.05,23.72,23.98,20494165
2024-09-09 00:00:00+08:00,23.78,23.95,23.67,23.9,34810375
2024-09-10 00:00:00+08:00,24.0,24.09,23.8,23.9,26777458
2024-09-11 00:00:00+08:00,23.98,23.98,23.79,23.82,25024285
2024-09-12 00:00:00+08:00,24.12,24.45,23.9,24.01,24096636
2024-09-13 00:00:00+08:00,24.06,24.09,23.98,24.07,16159083
2024-09-16 00:00:00+08:00,24.12,24.14,24.07,24.14,32736578
2024-09-18 00:00:00+08:00,24.17,24.29,24.14,24.19,40741343
2024-09-19 00:00:00+08:00,24.24,24.33,24.19,24.22,35800063
2024-09-20 00:00:00+08:00,24.36,24.39,24.11,24.11,30062977
2024-09-23 00:00:00+08:00,24.13,24.31,24.12,24.22,12693699
2024-09-24 00:00:00+08:00,24.23,24.36,24.16,24.36,10412918
2024-09-25 00:00:00+08:00,24.44,24.58,24.43,24.58,10056304
2024-09-26 00:00:00+08:00,24.64,24.67,24.58,24.6,13293347
2024-09-27 00:00:00+08:00,24.67,24.77,24.66,24.67,14065308
2024-09-30 00:00:00+08:00,24.67,24.72,24.51,24.51,16997806
2024-10-01 00:00:00+08:00,24.53,24.56,24.41,24.43,16344432
2024-10-04 00:00:00+08:00,24.41,24.49,24.33,24.33,17894869
2024-10-07 00:00:00+08:00,24.5,24.58,24.36,24.39,15172640
2024-10-08 00:00:00+08:00,24.39,24.39,24.19,24.36,16347648
2024-10-09 00:00:00+08:00,24.42,24.45,24.22,24.26,18371957
2024-10-11 00:00:00+08:00,24.27,24.35,24.18,24.3,20388090
2024-10-14 00:00:00+08:00,24.3,24.3,24.18,24.25,12401722
2024-10-15 00:00:00+08:00,24.33,24.42,24.29,24.36,14680219
2024-10-16 00:00:00+08:00,24.32,24.37,24.22,24.29,15160499
2024-10-17 00:00:00+08:00,24.33,24.56,24.33,24.49,11708956
2024-10-18 00:00:00+08:00,24.68,24.68,24.54,24.6,12195523
2024-10-21 00:00:00+08:00,24.73,24.73,24.56,24.59,13813482
2024-10-22 00:00:00+08:00,24.59,24.7,24.51,24.66,8989688
2024-10-23 00:00:00+08:00,24.68,24.72,24.62,24.66,8008089
2024-10-24 00:00:00+08:00,24.64,24.68,24.55,24.63,10121614
2024-10-25 00:00:00+08:00,24.72,24.72,24.58,24.6,8545966
2024-10-28 00:00:00+08:00,24.62,24.69,24.58,24.6,10949985
2024-10-29 00:00:00+08:00,24.58,24.59,24.31,24.44,17560063
2024-10-30 00:00:00+08:00,24.45,24.52,24.33,24.38,13319753
2024-11-01 00:00:00+08:00,24.18,24.27,23.9,24.22,24137411
2024-11-04 00:00:00+08:00,24.33,24.36,24.23,24.3,12046874
2024-11-05 00:00:00+08:00,24.23,24.34,24.19,24.23,13879626
2024-11-06 00:00:00+08:00,24.27,24.3,24.17,24.2,14126003
2024-11-07 00:00:00+08:00,24.19,24.33,24.12,24.24,10227694
2024-11-08 00:00:00+08:00,24.31,24.41,24.2,24.25,11824078
2024-11-11 00:00:00+08:00,24.23,24.25,24.07,24.22,16468120
2024-11-12 00:00:00+08:00,24.13,24.17,23.88,23.9,33332050
2024-11-13 00:00:00+08:00,23.81,23.89,23.75,23.85,20677723
2024-11-14 00:00:00+08:00,23.88,23.88,23.63,23.63,25092204
2024-11-15 00:00:00+08:00,23.74,23.87,23.7,23.73,9643360
2024-11-18 00:00:00+08:00,23.73,23.81,23.63,23.63,13436973
2024-11-19 00:00:00+08:00,23.68,23.84,23.65,23.76,9367140
2024-11-20 00:00:00+08:00,23.81,23.81,23.81,23.81,6960
2024-11-21 00:00:00+08:00,23.72,23.81,23.63,23.79,9172884
2024-11-22 00:00:00+08:00,23.84,23.9,23.76,23.76,10983998
2024-11-25 00:00:00+08:00,23.83,24.0,23.83,23.93,7600289
2024-11-26 00:00:00+08:00,23.91,23.95,23.75,23.87,12197146
2024-11-27 00:00:00+08:00,23.88,23.88,23.68,23.69,16914845
2024-11-28 00:00:00+08:00,23.69,23.8,23.51,23.54,21646710
2024-11-29 00:00:00+08:00,23.5,23.54,23.32,23.46,16062153
2024-12-02 00:00:00+08:00,23.56,23.77,23.56,23.72,12145588
2024-12-03 00:00:00+08:00,23.97,23.98,23.69,23.71,28077020
2024-12-04 00:00:00+08:00,23.82,23.82,23.68,23.78,22180523
2024-12-05 00:00:00+08:00,23.83,23.87,23.8,23.82,14267823
2024-12-06 00:00:00+08:00,23.83,23.9,23.81,23.83,15684126
2024-12-09 00:00:00+08:00,23.91,23.92,23.78,23.79,30310099
2024-12-10 00:00:00+08:00,23.8,23.94,23.77,23.77,16113034
2024-12-11 00:00:00+08:00,23.77,23.79,23.68,23.69,22566314
2024-12-12 00:00:00+08:00,23.85,23.85,23.76,23.77,22812439
2024-12-13 00:00:00+08:00,23.77,23.77,23.58,23.65,36642868
2024-12-16 00:00:00+08:00,23.71,23.76,23.58,23.58,33481258
2024-12-17 00:00:00+08:00,23.59,23.63,23.44,23.44,45979514
2024-12-18 00:00:00+08:00,23.43,23.52,23.38,23.5,12460294
2024-12-19 00:00:00+08:00,23.3,23.38,23.12,23.26,19227914
2024-12-20 00:00:00+08:00,23.23,23.23,23.11,23.17,16373659
2024-12-23 00:00:00+08:00,23.25,23.46,23.25,23.42,8688869
2024-12-24 00:00:00+08:00,23.44,23.51,23.4,23.4,7715129
2024-12-25 00:00:00+08:00,23.42,23.48,23.3,23.36,8423212
2024-12-26 00:00:00+08:00,23.36,23.38,23.25,23.3,9362284
2024-12-27 00:00:00+08:00,23.3,23.32,23.26,23.3,5518910
2024-12-30 00:00:00+08:00,23.25,23.37,23.21,23.29,5919422
2024-12-31 00:00:00+08:00,23.25,23.26,23.13,23.19,9475712
2025-01-02 00:00:00+08:00,23.17,23.24,23.1,23.22,7367527
2025-01-03 00:00:00+08:00,23.3,23.3,23.11,23.11,11042749
2025-01-06 00:00:00+08:00,23.16,23.24,23.11,23.18,11126704
2025-01-07 00:00:00+08:00,23.21,23.24,23.1,23.11,13470793
2025-01-08 00:00:00+08:00,23.09,23.21,23.08,23.2,9709654
2025-01-09 00:00:00+08:00,23.2,23.2,22.67,22.69,29132618
2025-01-10 00:00:00+08:00,22.65,22.73,22.59,22.64,18496685
2025-01-13 00:00:00+08:00,22.62,22.62,22.27,22.4,19973280
2025-01-14 00:00:00+08:00,22.41,22.65,22.41,22.65,5561248
2025-01-15 00:00:00+08:00,22.68,22.76,22.56,22.56,8205386
2025-01-16 00:00:00+08:00,22.82,22.83,22.64,22.64,8467397
2025-01-17 00:00:00+08:00,22.64,22.75,22.61,22.61,7232292
2025-01-20 00:00:00+08:00,22.64,22.71,22.64,22.69,6815477
2025-01-21 00:00:00+08:00,22.68,22.81,22.67,22.79,5716897
2025-01-22 00:00:00+08:00,22.77,22.82,22.7,22.81,9068933
2025-02-03 00:00:00+08:00,22.67,22.89,22.5,22.88,12333237
2025-02-04 00:00:00+08:00,22.9,22.96,22.73,22.73,11680572
2025-02-05 00:00:00+08:00,22.81,22.98,22.81,22.89,7932586
2025-02-06 00:00:00+08:00,22.92,23.02,22.9,23.0,7248727
2025-02-07 00:00:00+08:00,23.01,23.04,22.93,22.97,5805390
2025-02-10 00:00:00+08:00,22.96,22.96,22.87,22.89,7508581
2025-02-11 00:00:00+08:00,22.97,23.05,22.89,22.92,4950003
2025-02-12 00:00:00+08:00,22.92,23.02,22.84,22.86,7251906
2025-02-13 00:00:00+08:00,22.89,23.11,22.88,23.06,8449437
2025-02-14 00:00:00+08:00,23.06,23.12,23.02,23.06,6598457
2025-02-17 00:00:00+08:00,23.09,23.28,23.09,23.21,6155700
2025-02-18 00:00:00+08:00,23.21,23.28,23.21,23.26,5102977
2025-02-19 00:00:00+08:00,23.27,23.42,23.27,23.31,8659443
2025-02-20 00:00:00+08:00,23.35,23.4,23.32,23.36,5548926
2025-02-21 00:00:00+08:00,23.36,23.46,23.36,23.45,7164327
2025-02-24 00:00:00+08:00,23.4,23.5,23.39,23.48,7874393
2025-02-25 00:00:00+08:00,23.44,23.46,23.35,23.44,9496357
2025-02-26 00:00:00+08:00,23.42,23.45,23.26,23.42,8968069
2025-02-27 00:00:00+08:00,23.45,23.5,23.37,23.39,9642969
2025-03-03 00:00:00+08:00,23.33,23.37,23.18,23.33,10898642
2025-03-04 00:00:00+08:00,23.17,23.42,23.11,23.39,11707246
2025-03-05 00:00:00+08:00,23.28,23.4,23.23,23.34,39938581
2025-03-06 00:00:00+08:00,23.35,23.43,23.35,23.35,13329709
2025-03-07 00:00:00+08:00,23.34,23.34,23.25,23.25,7814975
2025-03-10 00:00:00+08:00,23.25,23.26,23.11,23.2,10000463
2025-03-11 00:00:00+08:00,22.77,23.09,22.73,23.04,16064115
2025-03-12 00:00:00+08:00,23.05,23.19,23.04,23.12,7301176
2025-03-13 00:00:00+08:00,23.21,23.23,22.97,22.97,7999434
2025-03-14 00:00:00+08:00,23.0,23.08,22.95,23.06,5418296
2025-03-17 00:00:00+08:00,23.1,23.14,23.01,23.02,7032683
2025-03-18 00:00:00+08:00,23.09,23.15,23.07,23.11,8766082
2025-03-19 00:00:00+08:00,23.13,23.24,23.04,23.04,11750837
2025-03-20 00:00:00+08:00,23.1,23.17,23.05,23.12,5961200
2025-03-21 00:00:00+08:00,23.11,23.13,23.05,23.11,4286266
2025-03-24 00:00:00+08:00,23.14,23.17,23.09,23.11,7252270
2025-03-25 00:00:00+08:00,23.17,23.19,23.02,23.07,5472064
2025-03-26 00:00:00+08:00,23.07,23.14,23.06,23.1,3802107
2025-03-27 00:00:00+08:00,23.04,23.04,22.95,23.0,6271430
2025-03-28 00:00:00+08:00,22.95,22.97,22.78,22.86,10280745
2025-03-31 00:00:00+08:00,22.58,22.58,22.25,22.34,13952472
2025-04-01 00:00:00+08:00,22.44,22.66,22.44,22.64,6806540
2025-04-02 00:00:00+08:00,22.62,22.65,22.52,22.65,4341147
2025-04-07 00:00:00+08:00,20.39,20.39,20.39,20.39,5089706
2025-04-08 00:00:00+08:00,18.35,20.07,18.35,19.74,45417798
2025-04-09 00:00:00+08:00,19.65,19.69,18.45,18.52,26932039
2025-04-10 00:00:00+08:00,20.37,20.37,20.37,20.37,5671154
2025-04-11 00:00:00+08:00,19.84,20.66,19.49,20.66,12396593
2025-04-14 00:00:00+08:00,20.88,21.25,20.87,20.9,15255833
2025-04-15 00:00:00+08:00,20.91,21.33,20.91,21.31,5269816
2025-04-16 00:00:00+08:00,21.21,21.24,21.07,21.19,4349811
2025-04-17 00:00:00+08:00,21.01,21.1,20.87,20.99,3870195
2025-04-18 00:00:00+08:00,20.99,21.09,20.95,20.99,2610211
2025-04-21 00:00:00+08:00,20.99,21.0,20.71,20.71,4043713
2025-04-22 00:00:00+08:00,20.58,20.72,20.53,20.59,4946870
2025-04-23 00:00:00+08:00,20.9,21.06,20.88,21.02,5061983
2025-04-24 00:00:00+08:00,21.09,21.11,20.93,20.94,3057800
2025-04-25 00:00:00+08:00,21.17,21.21,21.09,21.11,2877105
2025-04-28 00:00:00+08:00,21.14,21.21,21.08,21.21,5790624
2025-04-29 00:00:00+08:00,21.21,21.44,21.21,21.44,3625908
2025-04-30 00:00:00+08:00,21.44,21.56,21.38,21.43,3799171
2025-05-02 00:00:00+08:00,21.52,21.62,21.47,21.58,4317289
2025-05-05 00:00:00+08:00,21.69,21.74,21.28,21.47,6001368
2025-05-06 00:00:00+08:00,21.47,21.81,21.45,21.71,4484455
2025-05-07 00:00:00+08:00,21.8,21.85,21.71,21.74,5438687
2025-05-08 00:00:00+08:00,21.75,21.86,21.73,21.83,2610558
2025-05-09 00:00:00+08:00,21.82,21.99,21.81,21.97,3235157
2025-05-12 00:00:00+08:00,22.05,22.2,22.05,22.17,4284347
2025-05-13 00:00:00+08:00,22.34,22.35,22.21,22.22,3857364
2025-05-14 00:00:00+08:00,22.33,22.4,22.29,22.4,4232721
2025-05-15 00:00:00+08:00,22.39,22.49,22.35,22.47,3465727
2025-05-16 00:00:00+08:00,22.51,22.67,22.51,22.6,3588616
2025-05-19 00:00:00+08:00,22.52,22.56,22.4,22.41,3596742
2025-05-20 00:00:00+08:00,22.45,22.48,22.37,22.4,2310920
2025-05-21 00:00:00+08:00,22.4,22.68,22.4,22.67,4763503
2025-05-22 00:00:00+08:00,22.52,22.58,22.49,22.55,3129325
2025-05-23 00:00:00+08:00,22.55,22.61,22.51,22.52,2558173
2025-05-26 00:00:00+08:00,22.51,22.53,22.36,22.36,2433634
2025-05-27 00:00:00+08:00,22.35,22.36,22.11,22.11,4040356
2025-05-28 00:00:00+08:00,22.21,22.25,22.0,22.11,1829356
2025-05-29 00:00:00+08:00,22.19,22.25,22.1,22.18,2308614
2025-06-02 00:00:00+08:00,21.86,21.89,21.73,21.8,4759233
2025-06-03 00:00:00+08:00,21.57,21.89,21.57,21.72,86150792
2025-06-04 00:00:00+08:00,21.81,21.89,21.75,21.89,31511411
2025-06-05 00:00:00+08:00,21.83,21.83,21.62,21.67,15538407
2025-06-06 00:00:00+08:00,21.67,21.77,21.67,21.76,13584227
2025-06-09 00:00:00+08:00,21.8,21.89,21.79,21.88,13841071
2025-06-10 00:00:00+08:00,21.87,22.12,21.86,22.1,16052540
2025-06-11 00:00:00+08:00,22.1,22.18,22.04,22.18,12769235
2025-06-12 00:00:00+08:00,22.15,22.18,22.11,22.18,7891004
2025-06-13 00:00:00+08:00,22.04,22.14,21.99,22.04,10657435
2025-06-16 00:00:00+08:00,21.91,22.0,21.88,22.0,16800988
2025-06-17 00:00:00+08:00,22.11,22.11,21.92,21.92,8531550
2025-06-18 00:00:00+08:00,21.9,22.01,21.87,21.97,7447986
2025-06-19 00:00:00+08:00,21.97,21.97,21.78,21.78,5885595
2025-06-20 00:00:00+08:00,21.76,21.77,21.51,21.58,3927557
2025-06-23 00:00:00+08:00,21.19,21.32,21.13,21.32,8177798
2025-06-24 00:00:00+08:00,21.54,21.71,21.54,21.65,5129102
2025-06-25 00:00:00+08:00,21.72,21.73,21.61,21.67,4251209
2025-06-26 00:00:00+08:00,21.7,21.85,21.65,21.67,5698251
2025-06-27 00:00:00+08:00,21.74,21.84,21.73,21.77,5552393
2025-06-30 00:00:00+08:00,21.81,21.81,21.66,21.7,5533911
2025-07-01 00:00:00+08:00,21.74,21.92,21.65,21.75,9372223
2025-07-02 00:00:00+08:00,21.73,21.85,21.73,21.85,5666329
2025-07-03 00:00:00+08:00,21.9,22.09,21.9,22.09,6837052
2025-07-04 00:00:00+08:00,22.1,22.13,21.84,21.88,2675043
2025-07-07 00:00:00+08:00,21.85,21.88,21.69,21.87,5228320
2025-07-08 00:00:00+08:00,21.79,21.79,21.6,21.65,6414855
2025-07-09 00:00:00+08:00,21.63,21.71,21.6,21.67,3856269
2025-07-10 00:00:00+08:00,21.63,21.71,21.59,21.71,6480715
2025-07-11 00:00:00+08:00,21.7,21.9,21.7,21.85,5800262
2025-07-14 00:00:00+08:00,21.84,21.91,21.77,21.86,3673803
2025-07-15 00:00:00+08:00,21.84,21.99,21.84,21.93,6110578
2025-07-16 00:00:00+08:00,21.87,22.09,21.87,22.04,5741734
2025-07-17 00:00:00+08:00,22.09,22.14,22.04,22.11,5308411
2025-07-18 00:00:00+08:00,22.2,22.22,22.01,22.01,4537365
2025-07-21 00:00:00+08:00,22.07,22.1,21.96,21.96,3608158
2025-07-22 00:00:00+08:00,21.98,22.01,21.74,21.76,4319058
2025-07-23 00:00:00+08:00,21.89,22.0,21.86,22.0,5007776
2025-07-24 00:00:00+08:00,22.01,22.01,21.89,21.93,3015321
2025-07-25 00:00:00+08:00,21.93,21.97,21.88,21.9,2845480
2025-07-28 00:00:00+08:00,21.91,21.94,21.81,21.81,4476034
2025-07-29 00:00:00+08:00,21.79,21.79,21.61,21.62,5928180
2025-07-30 00:00:00+08:00,21.66,21.68,21.6,21.65,6770729
2025-07-31 00:00:00+08:00,21.54,21.56,21.45,21.51,6571091
2025-08-01 00:00:00+08:00,21.21,21.56,21.21,21.51,4401803
2025-08-04 00:00:00+08:00,21.38,21.72,21.31,21.71,5461653
2025-08-05 00:00:00+08:00,21.77,21.84,21.68,21.81,5023826
2025-08-06 00:00:00+08:00,21.79,21.82,21.72,21.74,2924937
2025-08-07 00:00:00+08:00,21.76,21.83,21.7,21.71,5341156
2025-08-08 00:00:00+08:00,21.7,21.73,21.66,21.68,5150426
2025-08-11 00:00:00+08:00,21.66,21.68,21.59,21.67,9243569
2025-08-12 00:00:00+08:00,21.67,21.77,21.65,21.71,6161965
2025-08-13 00:00:00+08:00,21.79,21.85,21.71,21.8,6473387
2025-08-14 00:00:00+08:00,21.86,22.01,21.85,21.99,6154163
2025-08-15 00:00:00+08:00,21.99,22.0,21.88,21.94,4353832
2025-08-18 00:00:00+08:00,21.92,21.96,21.84,21.94,4943609
2025-08-19 00:00:00+08:00,21.89,21.89,21.77,21.84,3561983
2025-08-20 00:00:00+08:00,21.85,21.9,21.64,21.66,4105056
2025-08-21 00:00:00+08:00,21.74,21.9,21.74,21.88,5784568
2025-08-22 00:00:00+08:00,21.85,21.85,21.72,21.74,2033625
2025-08-25 00:00:00+08:00,21.84,21.96,21.82,21.92,5360674
2025-08-26 00:00:00+08:00,21.88,21.9,21.77,21.77,1676708
2025-08-27 00:00:00+08:00,21.79,21.87,21.79,21.79,3521245
2025-08-28 00:00:00+08:00,21.79,21.96,21.78,21.86,5517900
2025-08-29 00:00:00+08:00,21.93,21.96,21.78,21.78,3729320
2025-09-01 00:00:00+08:00,21.77,21.84,21.61,21.68,4558254
2025-09-02 00:00:00+08:00,21.71,21.88,21.7,21.82,9400038
2025-09-03 00:00:00+08:00,21.82,21.93,21.81,21.87,5485910
2025-09-04 00:00:00+08:00,21.96,22.1,21.95,22.04,7214544
2025-09-05 00:00:00+08:00,22.08,22.1,21.99,22.02,3702954
2025-09-08 00:00:00+08:00,22.05,22.09,22.0,22.03,6336895
2025-09-09 00:00:00+08:00,22.08,22.1,22.0,22.02,4951509
2025-09-10 00:00:00+08:00,22.02,22.14,22.02,22.1,9112747
2025-09-11 00:00:00+08:00,22.07,22.09,21.88,21.88,7369950
2025-09-12 00:00:00+08:00,21.95,22.08,21.95,22.04,7619318
2025-09-15 00:00:00+08:00,22.09,22.21,22.07,22.08,5632125
2025-09-16 00:00:00+08:00,22.18,22.24,22.14,22.19,3907061
2025-09-17 00:00:00+08:00,22.22,22.35,22.13,22.17,2585614
2025-09-18 00:00:00+08:00,22.25,22.32,22.2,22.32,4735422
2025-09-19 00:00:00+08:00,22.36,22.49,22.32,22.47,5549604
2025-09-22 00:00:00+08:00,22.49,22.59,22.48,22.55,4500228
2025-09-23 00:00:00+08:00,22.53,22.58,22.45,22.5,6103416
2025-09-24 00:00:00+08:00,22.59,22.61,22.53,22.56,11957178
2025-09-25 00:00:00+08:00,22.58,22.6,22.42,22.43,3128437
2025-09-26 00:00:00+08:00,22.42,22.42,22.16,22.28,5123326
2025-09-30 00:00:00+08:00,22.39,22.5,22.31,22.41,3543766
2025-10-01 00:00:00+08:00,22.42,22.45,22.23,22.24,3925803
2025-10-02 00:00:00+08:00,22.25,22.29,22.13,22.15,3860316
2025-10-03 00:00:00+08:00,22.17,22.19,22.09,22.09,6251906
2025-10-07 00:00:00+08:00,22.08,22.33,22.02,22.22,9745422
2025-10-08 00:00:00+08:00,22.27,22.32,22.23,22.29,5997463
2025-10-09 00:00:00+08:00,22.35,22.39,22.29,22.33,5319123
2025-10-13 00:00:00+08:00,21.9,22.06,21.87,22.04,7343246
2025-10-14 00:00:00+08:00,22.21,22.4,22.06,22.07,7087131
2025-10-15 00:00:00+08:00,22.09,22.2,22.04,22.16,3259781
2025-10-16 00:00:00+08:00,22.29,22.33,22.23,22.24,4379502
2025-10-17 00:00:00+08:00,22.28,22.37,22.25,22.27,5517664
2025-10-20 00:00:00+08:00,22.35,22.37,22.24,22.31,5298963
2025-10-21 00:00:00+08:00,22.41,22.47,22.39,22.4,7934829
2025-10-22 00:00:00+08:00,22.4,22.48,22.39,22.47,3780431
2025-10-23 00:00:00+08:00,22.42,22.42,22.35,22.37,2218825
2025-10-27 00:00:00+08:00,22.52,22.56,22.38,22.41,4388428
2025-10-28 00:00:00+08:00,22.4,22.41,22.17,22.19,3478790
2025-10-29 00:00:00+08:00,22.23,22.28,22.17,22.18,4986358
2025-10-30 00:00:00+08:00,22.18,22.18,22.02,22.15,5892195
2025-10-31 00:00:00+08:00,22.18,22.23,22.11,22.14,4022030
2025-11-03 00:00:00+08:00,22.1,22.23,22.09,22.21,5628004
2025-11-04 00:00:00+08:00,22.33,22.36,22.07,22.1,4462998
2025-11-05 00:00:00+08:00,22.05,22.07,21.78,22.04,5276525
2025-11-06 00:00:00+08:00,22.1,22.15,22.03,22.09,3337372
2025-11-07 00:00:00+08:00,21.93,21.98,21.87,21.88,3015679
2025-11-10 00:00:00+08:00,21.88,21.89,21.79,21.8,3552556
2025-11-11 00:00:00+08:00,21.88,21.97,21.84,21.87,3994312
2025-11-12 00:00:00+08:00,22.0,22.09,21.98,22.03,3516617
2025-11-13 00:00:00+08:00,21.99,22.03,21.94,21.96,3351388
2025-11-14 00:00:00+08:00,21.79,21.92,21.76,21.79,3087674
2025-11-17 00:00:00+08:00,21.72,21.72,21.56,21.58,3722387
2025-11-18 00:00:00+08:00,21.48,21.53,21.31,21.33,4765357
2025-11-19 00:00:00+08:00,21.34,21.43,21.24,21.27,4473901
2025-11-20 00:00:00+08:00,21.41,21.58,21.41,21.53,3626246
2025-11-21 00:00:00+08:00,21.36,21.54,21.33,21.38,4545068
2025-11-24 00:00:00+08:00,21.44,21.59,21.42,21.59,4231310
2025-11-25 00:00:00+08:00,21.59,21.59,21.49,21.56,2680866
2025-11-26 00:00:00+08:00,21.61,21.72,21.59,21.69,2664291
2025-11-27 00:00:00+08:00,21.69,21.85,21.63,21.85,2680873
2025-11-28 00:00:00+08:00,21.81,21.81,21.71,21.74,1827832
2025-12-01 00:00:00+08:00,21.71,21.77,21.59,21.6,2112834
2025-12-02 00:00:00+08:00,21.62,21.8,21.62,21.8,4647561
2025-12-03 00:00:00+08:00,21.81,21.87,21.71,21.76,2739201
2025-12-04 00:00:00+08:00,21.82,21.99,21.82,21.98,4813651
2025-12-05 00:00:00+08:00,21.98,22.01,21.9,21.98,2118492
2025-12-08 00:00:00+08:00,21.98,22.05,21.95,22.01,4295737
2025-12-09 00:00:00+08:00,22.05,22.07,21.96,22.03,2746529
2025-12-10 00:00:00+08:00,22.06,22.08,21.99,22.04,2842423
2025-12-11 00:00:00+08:00,22.11,22.16,22.0,22.1,3509521
2025-12-12 00:00:00+08:00,22.21,22.33,22.18,22.27,5084412
2025-12-15 00:00:00+08:00,22.14,22.33,22.11,22.24,4402659
2025-12-16 00:00:00+08:00,22.12,22.34,22.12,22.29,3539171
2025-12-17 00:00:00+08:00,22.44,22.85,22.44,22.63,6774697
2025-12-18 00:00:00+08:00,22.62,22.77,22.62,22.7,7088222
2025-12-19 00:00:00+08:00,22.7,22.97,22.7,22.96,6059970
2025-12-22 00:00:00+08:00,23.06,23.12,23.03,23.06,5065376
2025-12-23 00:00:00+08:00,23.06,23.06,22.94,23.06,4089689
2025-12-24 00:00:00+08:00,23.11,23.26,23.01,23.05,4370510
2025-12-26 00:00:00+08:00,23.05,23.05,22.88,22.9,3744961
2025-12-29 00:00:00+08:00,22.89,23.08,22.89,22.99,5470055
2025-12-30 00:00:00+08:00,22.97,22.97,22.87,22.92,2478739
2025-12-31 00:00:00+08:00,22.91,22.96,22.81,22.81,2802341
2026-01-02 00:00:00+08:00,22.83,22.9,22.7,22.73,5512493
2026-01-05 00:00:00+08:00,22.72,22.79,22.66,22.69,11679397
2026-01-06 00:00:00+08:00,22.76,22.88,22.75,22.83,7914459
2026-01-07 00:00:00+08:00,22.88,23.1,22.87,23.09,10343647
2026-01-08 00:00:00+08:00,23.17,23.3,23.05,23.07,9019799
2026-01-09 00:00:00+08:00,23.18,23.25,23.01,23.14,4862711
2026-01-12 00:00:00+08:00,23.21,23.28,23.16,23.22,7859485
2026-01-13 00:00:00+08:00,23.33,23.39,23.18,23.25,7034859
2026-01-14 00:00:00+08:00,23.3,23.3,23.19,23.21,5778687
2026-01-15 00:00:00+08:00,23.24,23.38,23.24,23.33,7895047
2026-01-16 00:00:00+08:00,23.33,23.55,23.33,23.52,8789815
2026-01-19 00:00:00+08:00,23.53,23.97,23.51,23.86,11539169
2026-01-20 00:00:00+08:00,23.85,24.15,23.8,24.0,10446319
2026-01-21 00:00:00+08:00,24.01,24.09,23.78,23.85,6933254
2026-01-22 00:00:00+08:00,23.88,24.15,23.88,24.01,7638869
2026-01-23 00:00:00+08:00,24.04,24.11,23.8,23.88,4809430
2026-01-26 00:00:00+08:00,23.88,24.18,23.83,24.12,9374293
2026-01-27 00:00:00+08:00,24.27,24.46,24.23,24.35,10528827
2026-01-28 00:00:00+08:00,24.5,24.52,24.2,24.29,5269559
2026-01-29 00:00:00+08:00,24.07,24.09,23.92,24.09,5405902
2026-01-30 00:00:00+08:00,23.89,23.89,23.46,23.63,4303735
2026-02-02 00:00:00+08:00,23.48,23.48,23.09,23.28,4738633
2026-02-03 00:00:00+08:00,23.41,23.62,23.41,23.53,5045420
2026-02-04 00:00:00+08:00,23.52,23.72,23.49,23.67,3590206
2026-02-05 00:00:00+08:00,23.64,23.73,23.58,23.65,4920133
2026-02-06 00:00:00+08:00,23.53,23.67,23.35,23.67,3658057
2026-02-09 00:00:00+08:00,23.8,24.0,23.8,23.91,5294338
2026-02-10 00:00:00+08:00,23.95,24.06,23.95,24.01,9855587
2026-02-11 00:00:00+08:00,24.12,24.22,24.07,24.14,9877324
